timestamp,data,label
2015-07-10 14:24:00,564,FALSE
2015-07-10 14:38:00,730,FALSE
2015-07-10 14:48:00,770,FALSE
2015-07-10 15:03:00,910,FALSE
2015-07-10 15:22:00,1035,FALSE
2015-07-10 15:32:00,1065,FALSE
2015-07-10 15:42:00,953,FALSE
2015-07-10 15:52:00,1005,FALSE
2015-07-10 16:02:00,996,FALSE
2015-07-10 16:12:00,901,FALSE
2015-07-10 16:22:00,939,FALSE
2015-07-10 16:32:00,988,FALSE
2015-07-10 16:42:00,1020,FALSE
2015-07-10 16:52:00,876,FALSE
2015-07-10 17:02:00,870,FALSE
2015-07-10 17:12:00,809,FALSE
2015-07-10 17:22:00,884,FALSE
2015-07-10 17:32:00,926,FALSE
2015-07-10 17:42:00,829,FALSE
2015-07-10 18:02:00,712,FALSE
2015-07-10 18:12:00,624,FALSE
2015-07-10 18:22:00,632,FALSE
2015-07-10 18:32:00,596,FALSE
2015-07-10 18:42:00,510,FALSE
2015-07-10 18:52:00,526,FALSE
2015-07-10 19:32:00,99,FALSE
2015-07-10 19:42:00,85,FALSE
2015-07-10 20:02:00,85,FALSE
2015-07-10 20:12:00,87,FALSE
2015-07-10 20:22:00,93,FALSE
2015-07-10 20:42:00,57,FALSE
2015-07-10 21:32:00,101,FALSE
2015-07-11 10:10:00,177,FALSE
2015-07-11 10:30:00,221,FALSE
2015-07-11 11:00:00,332,FALSE
2015-07-11 11:10:00,338,FALSE
2015-07-11 11:20:00,263,FALSE
2015-07-11 11:30:00,304,FALSE
2015-07-11 11:40:00,358,FALSE
2015-07-11 11:50:00,385,FALSE
2015-07-11 12:00:00,397,FALSE
2015-07-11 12:10:00,426,FALSE
2015-07-11 12:20:00,461,FALSE
2015-07-11 12:28:00,418,FALSE
2015-07-11 12:38:00,448,FALSE
2015-07-11 12:43:00,432,FALSE
2015-07-11 12:53:00,416,FALSE
2015-07-11 12:57:00,425,FALSE
2015-07-11 13:07:00,439,FALSE
2015-07-11 13:09:00,423,FALSE
2015-07-11 13:19:00,370,FALSE
2015-07-11 13:29:00,404,FALSE
2015-07-11 13:39:00,387,FALSE
2015-07-11 14:41:00,185,FALSE
2015-07-11 15:01:00,184,FALSE
2015-07-11 16:53:00,104,FALSE
2015-07-11 17:02:00,108,FALSE
2015-07-11 17:13:00,121,FALSE
2015-07-11 17:23:00,120,FALSE
2015-07-11 17:33:00,127,FALSE
2015-07-11 18:23:00,52,FALSE
2015-07-12 10:56:00,93,FALSE
2015-07-12 12:36:00,151,FALSE
2015-07-12 12:46:00,161,FALSE
2015-07-12 12:56:00,160,FALSE
2015-07-12 13:36:00,177,FALSE
2015-07-12 15:26:00,193,FALSE
2015-07-12 19:13:00,119,FALSE
2015-07-13 09:15:00,143,FALSE
2015-07-13 09:45:00,151,FALSE
2015-07-13 12:07:00,138,FALSE
2015-07-13 12:37:00,143,FALSE
2015-07-13 12:47:00,146,FALSE
2015-07-13 14:37:00,173,FALSE
2015-07-13 15:27:00,226,FALSE
2015-07-13 15:57:00,206,FALSE
2015-07-13 16:07:00,243,FALSE
2015-07-13 16:27:00,238,FALSE
2015-07-13 16:47:00,294,FALSE
2015-07-13 17:07:00,226,FALSE
2015-07-13 17:17:00,209,FALSE
2015-07-13 17:57:00,222,FALSE
2015-07-13 18:06:00,136,FALSE
2015-07-13 18:46:00,129,FALSE
2015-07-13 18:56:00,133,FALSE
2015-07-14 09:10:00,182,FALSE
2015-07-14 09:40:00,253,FALSE
2015-07-14 09:50:00,218,FALSE
2015-07-14 10:10:00,216,FALSE
2015-07-14 10:20:00,203,FALSE
2015-07-14 13:11:00,143,FALSE
2015-07-14 14:01:00,103,FALSE
2015-07-14 14:41:00,162,FALSE
2015-07-14 14:51:00,180,FALSE
2015-07-14 15:01:00,223,FALSE
2015-07-14 15:11:00,282,FALSE
2015-07-14 15:21:00,262,FALSE
2015-07-14 15:51:00,289,FALSE
2015-07-14 16:01:00,260,FALSE
2015-07-14 16:09:00,271,FALSE
2015-07-14 16:19:00,248,FALSE
2015-07-14 16:25:00,234,FALSE
2015-07-14 17:05:00,309,FALSE
2015-07-14 17:07:00,319,FALSE
2015-07-14 17:27:00,266,FALSE
2015-07-14 17:57:00,207,FALSE
2015-07-14 18:17:00,198,FALSE
2015-07-14 18:47:00,223,FALSE
2015-07-14 18:57:00,250,FALSE
2015-07-14 19:17:00,193,FALSE
2015-07-15 09:37:00,144,FALSE
2015-07-15 11:37:00,121,FALSE
2015-07-15 12:54:00,104,FALSE
2015-07-15 14:54:00,161,FALSE
2015-07-15 15:34:00,178,FALSE
2015-07-15 16:14:00,161,FALSE
2015-07-15 16:54:00,204,FALSE
2015-07-15 17:04:00,195,FALSE
2015-07-15 17:24:00,189,FALSE
2015-07-15 17:44:00,214,FALSE
2015-07-15 18:04:00,204,FALSE
2015-07-15 18:34:00,220,FALSE
2015-07-15 18:44:00,219,FALSE
2015-07-16 11:44:00,154,FALSE
2015-07-16 14:19:00,118,FALSE
2015-07-16 14:29:00,124,FALSE
2015-07-16 14:59:00,174,FALSE
2015-07-16 15:09:00,232,FALSE
2015-07-16 15:19:00,316,FALSE
2015-07-16 15:29:00,340,FALSE
2015-07-16 15:39:00,398,FALSE
2015-07-16 15:49:00,401,FALSE
2015-07-16 15:50:00,392,FALSE
2015-07-16 16:09:00,349,FALSE
2015-07-16 16:29:00,388,FALSE
2015-07-16 16:39:00,345,FALSE
2015-07-16 16:49:00,363,FALSE
2015-07-16 16:59:00,516,FALSE
2015-07-16 17:09:00,460,FALSE
2015-07-16 17:19:00,411,FALSE
2015-07-16 17:29:00,413,FALSE
2015-07-16 17:39:00,331,FALSE
2015-07-16 17:49:00,367,FALSE
2015-07-16 17:59:00,330,FALSE
2015-07-16 18:09:00,288,FALSE
2015-07-16 18:19:00,293,FALSE
2015-07-16 18:59:00,225,FALSE
2015-07-16 19:19:00,226,FALSE
2015-07-16 19:29:00,200,FALSE
2015-07-16 19:49:00,203,FALSE
2015-07-16 20:09:00,197,FALSE
2015-07-17 18:11:00,1185,FALSE
2015-07-17 18:21:00,1081,FALSE
2015-07-17 18:31:00,1174,FALSE
2015-07-17 18:45:00,1336,FALSE
2015-07-17 18:55:00,1174,FALSE
2015-07-17 19:05:00,839,FALSE
2015-07-17 19:15:00,657,FALSE
2015-07-17 19:25:00,507,FALSE
2015-07-17 19:35:00,274,FALSE
2015-07-17 19:45:00,241,FALSE
2015-07-17 19:55:00,187,FALSE
2015-07-17 20:05:00,165,FALSE
2015-07-17 20:25:00,86,FALSE
2015-07-17 20:55:00,93,FALSE
2015-07-18 03:56:00,57,FALSE
2015-07-18 04:56:00,93,FALSE
2015-07-18 10:06:00,131,FALSE
2015-07-18 10:16:00,123,FALSE
2015-07-18 11:26:00,109,FALSE
2015-07-18 11:46:00,118,FALSE
2015-07-18 11:56:00,128,FALSE
2015-07-18 12:36:00,246,FALSE
2015-07-18 12:46:00,231,FALSE
2015-07-18 13:46:00,309,FALSE
2015-07-18 14:36:00,217,FALSE
2015-07-18 16:26:00,87,FALSE
2015-07-18 16:56:00,85,FALSE
2015-07-18 17:16:00,79,FALSE
2015-07-18 18:56:00,73,FALSE
2015-07-18 19:16:00,92,FALSE
2015-07-19 10:53:00,97,FALSE
2015-07-19 11:25:00,96,FALSE
2015-07-19 12:35:00,172,FALSE
2015-07-19 12:45:00,179,FALSE
2015-07-19 13:05:00,178,FALSE
2015-07-19 13:25:00,183,FALSE
2015-07-19 13:45:00,150,FALSE
2015-07-19 14:55:00,174,FALSE
2015-07-19 15:45:00,166,FALSE
2015-07-19 16:35:00,161,FALSE
2015-07-19 16:45:00,151,FALSE
2015-07-19 16:55:00,169,FALSE
2015-07-20 06:05:00,94,FALSE
2015-07-20 06:15:00,99,FALSE
2015-07-20 07:55:00,134,FALSE
2015-07-20 09:55:00,152,FALSE
2015-07-20 10:15:00,153,FALSE
2015-07-20 10:55:00,132,FALSE
2015-07-20 11:35:00,134,FALSE
2015-07-20 11:51:00,141,FALSE
2015-07-21 00:50:00,23,FALSE
2015-07-21 01:00:00,21,FALSE
2015-07-21 01:10:00,95,FALSE
2015-07-21 01:20:00,90,FALSE
2015-07-21 01:50:00,89,FALSE
2015-07-21 03:00:00,90,FALSE
2015-07-21 03:10:00,103,FALSE
2015-07-21 03:30:00,67,FALSE
2015-07-21 04:30:00,24,FALSE
2015-07-21 04:40:00,53,FALSE
2015-07-21 09:00:00,197,FALSE
2015-07-21 09:10:00,202,FALSE
2015-07-21 11:20:00,120,FALSE
2015-07-21 13:20:00,139,FALSE
2015-07-21 13:30:00,215,FALSE
2015-07-21 13:40:00,196,FALSE
2015-07-21 14:10:00,229,FALSE
2015-07-21 14:20:00,173,FALSE
2015-07-21 14:40:00,178,FALSE
2015-07-21 14:50:00,198,FALSE
2015-07-21 15:00:00,192,FALSE
2015-07-21 15:30:00,316,FALSE
2015-07-21 15:50:00,263,FALSE
2015-07-21 16:00:00,250,FALSE
2015-07-21 16:20:00,237,FALSE
2015-07-21 16:30:00,302,FALSE
2015-07-21 16:40:00,292,FALSE
2015-07-21 17:00:00,318,FALSE
2015-07-21 17:10:00,294,FALSE
2015-07-21 17:20:00,245,FALSE
2015-07-21 17:40:00,246,FALSE
2015-07-21 18:00:00,252,FALSE
2015-07-21 18:10:00,211,FALSE
2015-07-21 18:30:00,218,FALSE
2015-07-21 19:00:00,150,FALSE
2015-07-22 00:04:00,87,FALSE
2015-07-22 00:14:00,96,FALSE
2015-07-22 01:44:00,56,FALSE
2015-07-22 02:24:00,116,FALSE
2015-07-22 03:44:00,95,FALSE
2015-07-22 03:54:00,87,FALSE
2015-07-22 04:14:00,86,FALSE
2015-07-22 04:24:00,32,FALSE
2015-07-22 04:34:00,28,FALSE
2015-07-22 04:44:00,29,FALSE
2015-07-22 04:54:00,12,FALSE
2015-07-22 05:04:00,12,FALSE
2015-07-22 05:14:00,12,FALSE
2015-07-22 09:04:00,147,FALSE
2015-07-22 09:14:00,140,FALSE
2015-07-22 14:43:00,161,FALSE
2015-07-22 14:53:00,183,FALSE
2015-07-22 15:03:00,224,FALSE
2015-07-22 15:43:00,325,FALSE
2015-07-22 16:23:00,288,FALSE
2015-07-22 16:33:00,263,FALSE
2015-07-22 16:53:00,320,FALSE
2015-07-22 17:03:00,365,FALSE
2015-07-22 17:13:00,331,FALSE
2015-07-22 17:23:00,316,FALSE
2015-07-22 17:53:00,369,FALSE
2015-07-22 18:03:00,303,FALSE
2015-07-22 18:13:00,267,FALSE
2015-07-22 18:23:00,232,FALSE
2015-07-22 18:33:00,241,FALSE
2015-07-22 19:03:00,237,FALSE
2015-07-22 19:13:00,196,FALSE
2015-07-22 19:23:00,137,FALSE
2015-07-23 03:55:00,2858,FALSE
2015-07-23 04:15:00,2781,FALSE
2015-07-23 04:24:00,2891,FALSE
2015-07-23 11:55:00,123,FALSE
2015-07-23 12:05:00,236,FALSE
2015-07-23 12:25:00,314,FALSE
2015-07-23 14:35:00,256,FALSE
2015-07-23 14:45:00,267,FALSE
2015-07-23 14:55:00,275,FALSE
2015-07-23 15:15:00,370,FALSE
2015-07-23 15:35:00,362,FALSE
2015-07-23 15:45:00,340,FALSE
2015-07-23 15:55:00,320,FALSE
2015-07-23 16:05:00,221,FALSE
2015-07-23 16:15:00,265,FALSE
2015-07-23 16:25:00,248,FALSE
2015-07-23 16:55:00,316,FALSE
2015-07-23 17:05:00,342,FALSE
2015-07-23 17:15:00,321,FALSE
2015-07-23 17:25:00,319,FALSE
2015-07-23 17:45:00,335,FALSE
2015-07-23 17:55:00,317,FALSE
2015-07-23 18:15:00,328,FALSE
2015-07-23 18:25:00,306,FALSE
2015-07-23 18:35:00,305,FALSE
2015-07-23 18:45:00,269,FALSE
2015-07-23 18:55:00,273,FALSE
2015-07-23 19:05:00,261,FALSE
2015-07-23 19:15:00,238,FALSE
2015-07-23 19:25:00,208,FALSE
2015-07-23 23:35:00,105,FALSE
2015-07-24 09:29:00,141,FALSE
2015-07-24 10:08:00,144,FALSE
2015-07-24 10:49:00,170,FALSE
2015-07-24 11:19:00,167,FALSE
2015-07-24 11:39:00,179,FALSE
2015-07-24 11:49:00,178,FALSE
2015-07-24 11:59:00,177,FALSE
2015-07-24 12:09:00,203,FALSE
2015-07-24 12:19:00,236,FALSE
2015-07-24 12:29:00,258,FALSE
2015-07-24 12:39:00,251,FALSE
2015-07-24 12:44:00,265,FALSE
2015-07-24 16:59:00,319,FALSE
2015-07-24 17:09:00,287,FALSE
2015-07-24 17:29:00,293,FALSE
2015-07-24 17:59:00,211,FALSE
2015-07-24 18:29:00,142,FALSE
2015-07-24 18:39:00,176,FALSE
2015-07-24 18:49:00,184,FALSE
2015-07-24 18:59:00,201,FALSE
2015-07-24 19:09:00,193,FALSE
2015-07-24 19:19:00,157,FALSE
2015-07-24 19:39:00,75,FALSE
2015-07-24 19:49:00,116,FALSE
2015-07-24 19:59:00,127,FALSE
2015-07-24 20:09:00,98,FALSE
2015-07-24 20:19:00,106,FALSE
2015-07-24 20:29:00,126,FALSE
2015-07-24 20:39:00,63,FALSE
2015-07-24 20:59:00,91,FALSE
2015-07-24 21:29:00,115,FALSE
2015-07-24 21:39:00,112,FALSE
2015-07-25 01:29:00,670,FALSE
2015-07-25 05:39:00,2941,FALSE
2015-07-25 05:59:00,2848,FALSE
2015-07-25 06:03:00,2924,FALSE
2015-07-25 09:34:00,213,FALSE
2015-07-25 09:54:00,241,FALSE
2015-07-25 10:04:00,260,FALSE
2015-07-25 10:14:00,242,FALSE
2015-07-25 10:54:00,250,FALSE
2015-07-25 11:04:00,316,FALSE
2015-07-25 11:14:00,325,FALSE
2015-07-25 11:24:00,275,FALSE
2015-07-25 11:34:00,283,FALSE
2015-07-25 11:44:00,301,FALSE
2015-07-25 11:54:00,373,FALSE
2015-07-25 12:04:00,428,FALSE
2015-07-25 12:14:00,407,FALSE
2015-07-25 12:24:00,414,FALSE
2015-07-25 12:34:00,438,FALSE
2015-07-25 12:44:00,526,FALSE
2015-07-25 12:54:00,478,FALSE
2015-07-25 13:14:00,384,FALSE
2015-07-25 13:24:00,374,FALSE
2015-07-25 13:34:00,462,FALSE
2015-07-25 13:54:00,398,FALSE
2015-07-25 14:34:00,366,FALSE
2015-07-25 14:44:00,311,FALSE
2015-07-25 15:04:00,227,FALSE
2015-07-25 16:14:00,148,FALSE
2015-07-25 16:24:00,137,FALSE
2015-07-25 16:34:00,144,FALSE
2015-07-25 16:54:00,149,FALSE
2015-07-25 17:04:00,126,FALSE
2015-07-25 17:14:00,78,FALSE
2015-07-25 17:34:00,95,FALSE
2015-07-25 18:24:00,55,FALSE
2015-07-25 18:34:00,57,FALSE
2015-07-25 18:54:00,69,FALSE
2015-07-25 19:04:00,88,FALSE
2015-07-26 10:55:00,105,FALSE
2015-07-26 11:25:00,107,FALSE
2015-07-26 12:25:00,228,FALSE
2015-07-26 12:35:00,249,FALSE
2015-07-26 12:45:00,222,FALSE
2015-07-26 12:55:00,133,FALSE
2015-07-26 15:25:00,131,FALSE
2015-07-26 19:15:00,126,FALSE
2015-07-26 19:25:00,146,FALSE
2015-07-27 07:46:00,117,FALSE
2015-07-27 09:06:00,182,FALSE
2015-07-27 09:26:00,146,FALSE
2015-07-27 09:36:00,161,FALSE
2015-07-27 09:46:00,193,FALSE
2015-07-27 10:16:00,217,FALSE
2015-07-27 10:26:00,187,FALSE
2015-07-27 10:56:00,153,FALSE
2015-07-27 11:26:00,161,FALSE
2015-07-27 11:36:00,155,FALSE
2015-07-27 11:56:00,213,FALSE
2015-07-27 12:06:00,142,FALSE
2015-07-27 12:16:00,196,FALSE
2015-07-27 12:26:00,189,FALSE
2015-07-27 12:56:00,187,FALSE
2015-07-27 13:36:00,190,FALSE
2015-07-27 13:46:00,184,FALSE
2015-07-27 16:36:00,224,FALSE
2015-07-27 17:06:00,322,FALSE
2015-07-27 17:16:00,296,FALSE
2015-07-27 17:26:00,274,FALSE
2015-07-27 17:36:00,278,FALSE
2015-07-27 18:06:00,172,FALSE
2015-07-27 18:26:00,202,FALSE
2015-07-27 18:36:00,214,FALSE
2015-07-27 18:46:00,182,FALSE
2015-07-27 18:56:00,179,FALSE
2015-07-28 13:46:00,102,FALSE
2015-07-28 13:56:00,95,FALSE
2015-07-28 14:06:00,141,FALSE
2015-07-28 14:26:00,136,FALSE
2015-07-28 14:36:00,175,FALSE
2015-07-28 14:46:00,187,FALSE
2015-07-28 14:56:00,175,FALSE
2015-07-28 15:26:00,211,FALSE
2015-07-28 15:46:00,239,FALSE
2015-07-28 15:56:00,251,FALSE
2015-07-28 16:22:00,245,FALSE
2015-07-28 16:23:00,241,FALSE
2015-07-28 16:33:00,209,FALSE
2015-07-28 16:43:00,223,FALSE
2015-07-28 16:53:00,290,FALSE
2015-07-28 17:03:00,272,FALSE
2015-07-28 17:33:00,268,FALSE
2015-07-28 17:53:00,228,FALSE
2015-07-28 18:23:00,211,FALSE
2015-07-29 10:13:00,157,FALSE
2015-07-30 09:59:00,290,FALSE
2015-07-30 12:29:00,2003,TRUE
2015-07-30 12:59:00,188,FALSE
2015-07-30 13:49:00,700,FALSE
2015-07-30 13:59:00,556,FALSE
2015-07-30 14:09:00,931,FALSE
2015-07-30 14:19:00,117,FALSE
2015-07-30 14:29:00,450,FALSE
2015-07-30 14:39:00,221,FALSE
2015-07-30 14:59:00,195,FALSE
2015-07-30 15:09:00,243,FALSE
2015-07-30 15:19:00,233,FALSE
2015-07-30 15:39:00,274,FALSE
2015-07-30 16:09:00,410,FALSE
2015-07-30 16:19:00,414,FALSE
2015-07-30 16:29:00,417,FALSE
2015-07-30 16:39:00,820,FALSE
2015-07-30 16:49:00,1010,FALSE
2015-07-30 16:59:00,903,FALSE
2015-07-30 17:09:00,965,FALSE
2015-07-30 17:19:00,837,FALSE
2015-07-30 17:21:00,897,FALSE
2015-07-30 18:10:00,207,FALSE
2015-07-30 18:30:00,199,FALSE
2015-07-30 18:37:00,241,FALSE
2015-07-30 21:09:00,292,FALSE
2015-07-30 22:22:00,484,FALSE
2015-07-31 03:11:00,91,FALSE
2015-07-31 06:29:00,88,FALSE
2015-07-31 06:37:00,91,FALSE
2015-07-31 15:59:00,402,FALSE
2015-07-31 16:09:00,534,FALSE
2015-07-31 16:19:00,561,FALSE
2015-07-31 16:29:00,584,FALSE
2015-07-31 16:39:00,642,FALSE
2015-07-31 16:49:00,593,FALSE
2015-07-31 16:59:00,592,FALSE
2015-07-31 17:09:00,625,FALSE
2015-07-31 17:19:00,719,FALSE
2015-07-31 17:29:00,810,FALSE
2015-07-31 17:39:00,790,FALSE
2015-07-31 17:41:00,789,FALSE
2015-07-31 18:01:00,863,FALSE
2015-07-31 18:11:00,722,FALSE
2015-07-31 18:21:00,714,FALSE
2015-07-31 18:31:00,860,FALSE
2015-07-31 18:51:00,949,FALSE
2015-07-31 19:01:00,1099,FALSE
2015-07-31 19:11:00,718,FALSE
2015-07-31 19:21:00,574,FALSE
2015-07-31 19:31:00,570,FALSE
2015-07-31 19:41:00,282,FALSE
2015-07-31 19:51:00,288,FALSE
2015-07-31 20:01:00,234,FALSE
2015-07-31 20:11:00,149,FALSE
2015-07-31 20:31:00,134,FALSE
2015-07-31 20:41:00,87,FALSE
2015-07-31 20:51:00,110,FALSE
2015-07-31 21:01:00,108,FALSE
2015-07-31 21:21:00,146,FALSE
2015-07-31 21:31:00,174,FALSE
2015-07-31 21:41:00,180,FALSE
2015-07-31 22:11:00,182,FALSE
2015-08-01 16:50:00,90,FALSE
2015-08-01 17:00:00,89,FALSE
2015-08-01 18:00:00,61,FALSE
2015-08-01 18:20:00,49,FALSE
2015-08-01 18:40:00,59,FALSE
2015-08-01 18:50:00,68,FALSE
2015-08-01 19:00:00,70,FALSE
2015-08-02 10:56:00,94,FALSE
2015-08-02 11:26:00,116,FALSE
2015-08-02 11:36:00,171,FALSE
2015-08-02 12:06:00,169,FALSE
2015-08-02 18:57:00,99,FALSE
2015-08-03 08:57:00,143,FALSE
2015-08-03 09:07:00,149,FALSE
2015-08-03 09:27:00,152,FALSE
2015-08-03 09:37:00,165,FALSE
2015-08-03 09:47:00,165,FALSE
2015-08-03 09:57:00,160,FALSE
2015-08-03 10:27:00,157,FALSE
2015-08-03 10:37:00,183,FALSE
2015-08-03 12:47:00,191,FALSE
2015-08-03 13:07:00,179,FALSE
2015-08-03 13:37:00,185,FALSE
2015-08-03 14:48:00,248,FALSE
2015-08-03 15:08:00,188,FALSE
2015-08-03 15:28:00,215,FALSE
2015-08-03 15:38:00,207,FALSE
2015-08-03 15:58:00,284,FALSE
2015-08-03 16:18:00,355,FALSE
2015-08-03 16:38:00,337,FALSE
2015-08-03 16:58:00,234,FALSE
2015-08-03 17:08:00,169,FALSE
2015-08-03 17:28:00,210,FALSE
2015-08-03 17:38:00,260,FALSE
2015-08-03 17:58:00,237,FALSE
2015-08-03 18:08:00,193,FALSE
2015-08-03 18:28:00,162,FALSE
2015-08-04 08:28:00,132,FALSE
2015-08-04 11:44:00,111,FALSE
2015-08-04 13:44:00,159,FALSE
2015-08-04 13:54:00,119,FALSE
2015-08-04 14:14:00,215,FALSE
2015-08-04 14:34:00,148,FALSE
2015-08-04 14:44:00,185,FALSE
2015-08-04 14:54:00,236,FALSE
2015-08-04 15:04:00,267,FALSE
2015-08-04 15:14:00,266,FALSE
2015-08-04 15:24:00,354,FALSE
2015-08-04 15:34:00,355,FALSE
2015-08-04 15:44:00,374,FALSE
2015-08-04 15:54:00,402,FALSE
2015-08-04 16:04:00,460,FALSE
2015-08-04 16:14:00,493,FALSE
2015-08-04 16:24:00,548,FALSE
2015-08-04 16:34:00,535,FALSE
2015-08-04 16:54:00,681,FALSE
2015-08-04 17:04:00,760,FALSE
2015-08-04 17:14:00,763,FALSE
2015-08-04 17:24:00,741,FALSE
2015-08-04 17:34:00,776,FALSE
2015-08-04 17:44:00,824,FALSE
2015-08-04 17:54:00,919,FALSE
2015-08-04 18:04:00,882,FALSE
2015-08-04 18:14:00,809,FALSE
2015-08-04 18:24:00,801,FALSE
2015-08-04 18:31:00,662,FALSE
2015-08-04 18:41:00,536,FALSE
2015-08-04 18:51:00,366,FALSE
2015-08-04 19:01:00,230,FALSE
2015-08-04 19:11:00,157,FALSE
2015-08-04 23:21:00,124,FALSE
2015-08-04 23:41:00,151,FALSE
2015-08-05 09:01:00,160,FALSE
2015-08-05 09:11:00,139,FALSE
2015-08-05 12:27:00,239,FALSE
2015-08-05 12:47:00,152,FALSE
2015-08-05 12:57:00,188,FALSE
2015-08-05 13:27:00,297,FALSE
2015-08-05 14:17:00,295,FALSE
2015-08-05 14:27:00,319,FALSE
2015-08-05 14:47:00,423,FALSE
2015-08-05 14:57:00,364,FALSE
2015-08-05 15:06:00,343,FALSE
2015-08-05 15:27:00,344,FALSE
2015-08-05 15:37:00,374,FALSE
2015-08-05 15:47:00,308,FALSE
2015-08-05 15:56:00,347,FALSE
2015-08-05 16:07:00,282,FALSE
2015-08-05 16:46:00,239,FALSE
2015-08-05 16:56:00,264,FALSE
2015-08-05 17:06:00,255,FALSE
2015-08-05 17:16:00,240,FALSE
2015-08-05 17:36:00,279,FALSE
2015-08-05 17:46:00,288,FALSE
2015-08-05 17:57:00,361,FALSE
2015-08-05 18:26:00,258,FALSE
2015-08-05 18:36:00,201,FALSE
2015-08-05 18:46:00,198,FALSE
2015-08-05 18:56:00,165,FALSE
2015-08-05 19:06:00,145,FALSE
2015-08-06 01:58:00,125,FALSE
2015-08-06 15:08:00,200,FALSE
2015-08-06 15:18:00,214,FALSE
2015-08-06 15:38:00,297,FALSE
2015-08-06 15:58:00,332,FALSE
2015-08-06 16:08:00,379,FALSE
2015-08-06 16:18:00,391,FALSE
2015-08-06 16:28:00,277,FALSE
2015-08-06 16:58:00,256,FALSE
2015-08-06 17:08:00,318,FALSE
2015-08-06 17:18:00,326,FALSE
2015-08-06 17:38:00,342,FALSE
2015-08-06 17:48:00,272,FALSE
2015-08-06 18:18:00,173,FALSE
2015-08-06 18:28:00,141,FALSE
2015-08-06 18:48:00,153,FALSE
2015-08-06 18:58:00,172,FALSE
2015-08-06 19:28:00,171,FALSE
2015-08-06 23:48:00,81,FALSE
2015-08-07 05:40:00,99,FALSE
2015-08-07 09:10:00,150,FALSE
2015-08-07 09:20:00,173,FALSE
2015-08-07 09:40:00,217,FALSE
2015-08-07 10:00:00,330,FALSE
2015-08-07 10:10:00,369,FALSE
2015-08-07 10:40:00,521,FALSE
2015-08-07 10:50:00,712,FALSE
2015-08-07 11:00:00,648,FALSE
2015-08-07 11:10:00,623,FALSE
2015-08-07 11:20:00,615,FALSE
2015-08-07 11:30:00,631,FALSE
2015-08-07 11:40:00,612,FALSE
2015-08-07 11:50:00,706,FALSE
2015-08-07 12:00:00,685,FALSE
2015-08-07 12:10:00,546,FALSE
2015-08-07 12:30:00,628,FALSE
2015-08-07 12:40:00,635,FALSE
2015-08-07 12:50:00,736,FALSE
2015-08-07 13:00:00,725,FALSE
2015-08-07 13:10:00,773,FALSE
2015-08-07 13:20:00,587,FALSE
2015-08-07 13:30:00,701,FALSE
2015-08-07 13:40:00,819,FALSE
2015-08-07 13:50:00,832,FALSE
2015-08-07 14:00:00,911,FALSE
2015-08-07 14:10:00,943,FALSE
2015-08-07 14:20:00,948,FALSE
2015-08-07 14:30:00,796,FALSE
2015-08-07 14:40:00,709,FALSE
2015-08-07 14:50:00,613,FALSE
2015-08-07 15:00:00,683,FALSE
2015-08-07 15:10:00,689,FALSE
2015-08-07 15:20:00,800,FALSE
2015-08-07 15:50:00,826,FALSE
2015-08-07 16:07:00,617,FALSE
2015-08-07 16:17:00,636,FALSE
2015-08-07 16:27:00,707,FALSE
2015-08-07 16:37:00,762,FALSE
2015-08-07 16:47:00,615,FALSE
2015-08-07 16:57:00,540,FALSE
2015-08-07 17:07:00,601,FALSE
2015-08-07 17:17:00,742,FALSE
2015-08-07 17:27:00,611,FALSE
2015-08-07 17:37:00,577,FALSE
2015-08-07 17:47:00,571,FALSE
2015-08-07 18:17:00,342,FALSE
2015-08-07 18:37:00,295,FALSE
2015-08-07 18:47:00,269,FALSE
2015-08-07 18:57:00,200,FALSE
2015-08-07 19:37:00,101,FALSE
2015-08-07 19:47:00,189,FALSE
2015-08-07 19:57:00,137,FALSE
2015-08-07 20:07:00,118,FALSE
2015-08-07 20:17:00,138,FALSE
2015-08-07 20:27:00,145,FALSE
2015-08-07 20:37:00,120,FALSE
2015-08-07 20:47:00,130,FALSE
2015-08-07 21:17:00,109,FALSE
2015-08-07 21:37:00,110,FALSE
2015-08-07 23:47:00,85,FALSE
2015-08-08 03:58:00,62,FALSE
2015-08-08 08:48:00,175,FALSE
2015-08-08 09:08:00,201,FALSE
2015-08-08 09:28:00,185,FALSE
2015-08-08 09:38:00,231,FALSE
2015-08-08 09:48:00,255,FALSE
2015-08-08 09:58:00,267,FALSE
2015-08-08 10:08:00,280,FALSE
2015-08-08 10:18:00,279,FALSE
2015-08-08 11:08:00,345,FALSE
2015-08-08 11:18:00,240,FALSE
2015-08-08 11:28:00,241,FALSE
2015-08-08 11:38:00,247,FALSE
2015-08-08 11:58:00,279,FALSE
2015-08-08 12:38:00,251,FALSE
2015-08-08 13:18:00,275,FALSE
2015-08-08 13:28:00,296,FALSE
2015-08-08 13:58:00,355,FALSE
2015-08-08 14:28:00,289,FALSE
2015-08-08 14:38:00,278,FALSE
2015-08-08 14:48:00,167,FALSE
2015-08-08 14:58:00,122,FALSE
2015-08-08 15:38:00,152,FALSE
2015-08-08 16:53:00,86,FALSE
2015-08-08 17:03:00,81,FALSE
2015-08-08 17:23:00,88,FALSE
2015-08-08 17:33:00,102,FALSE
2015-08-08 17:43:00,93,FALSE
2015-08-08 17:53:00,65,FALSE
2015-08-08 18:13:00,58,FALSE
2015-08-08 18:23:00,54,FALSE
2015-08-08 18:33:00,60,FALSE
2015-08-08 18:43:00,56,FALSE
2015-08-08 19:13:00,95,FALSE
2015-08-09 02:33:00,92,FALSE
2015-08-09 10:53:00,113,FALSE
2015-08-09 11:23:00,156,FALSE
2015-08-09 12:13:00,159,FALSE
2015-08-09 12:23:00,149,FALSE
2015-08-09 12:53:00,195,FALSE
2015-08-09 13:23:00,182,FALSE
2015-08-09 13:33:00,211,FALSE
2015-08-09 13:53:00,162,FALSE
2015-08-09 15:03:00,134,FALSE
2015-08-09 17:28:00,98,FALSE
2015-08-10 08:28:00,130,FALSE
2015-08-10 08:48:00,158,FALSE
2015-08-10 09:08:00,173,FALSE
2015-08-10 09:28:00,161,FALSE
2015-08-10 09:38:00,219,FALSE
2015-08-10 09:58:00,164,FALSE
2015-08-10 10:08:00,160,FALSE
2015-08-10 11:58:00,135,FALSE
2015-08-10 12:08:00,129,FALSE
2015-08-10 12:18:00,174,FALSE
2015-08-10 12:38:00,191,FALSE
2015-08-10 12:58:00,280,FALSE
2015-08-10 13:08:00,228,FALSE
2015-08-10 13:28:00,411,FALSE
2015-08-10 13:38:00,439,FALSE
2015-08-10 13:48:00,430,FALSE
2015-08-10 14:08:00,321,FALSE
2015-08-10 14:18:00,204,FALSE
2015-08-10 14:38:00,168,FALSE
2015-08-10 14:58:00,168,FALSE
2015-08-10 15:08:00,235,FALSE
2015-08-10 15:28:00,229,FALSE
2015-08-10 15:38:00,353,FALSE
2015-08-10 15:48:00,383,FALSE
2015-08-10 15:58:00,418,FALSE
2015-08-10 16:08:00,382,FALSE
2015-08-10 16:18:00,291,FALSE
2015-08-10 16:38:00,284,FALSE
2015-08-10 16:48:00,289,FALSE
2015-08-10 16:58:00,252,FALSE
2015-08-10 17:07:00,188,FALSE
2015-08-10 17:17:00,183,FALSE
2015-08-10 17:27:00,184,FALSE
2015-08-10 17:37:00,233,FALSE
2015-08-10 17:47:00,227,FALSE
2015-08-10 17:57:00,205,FALSE
2015-08-10 18:07:00,156,FALSE
2015-08-10 18:23:00,141,FALSE
2015-08-10 18:33:00,159,FALSE
2015-08-10 18:53:00,132,FALSE
2015-08-10 20:03:00,158,FALSE
2015-08-10 21:13:00,104,FALSE
2015-08-11 11:42:00,124,FALSE
2015-08-11 13:52:00,97,FALSE
2015-08-11 14:22:00,160,FALSE
2015-08-11 14:32:00,186,FALSE
2015-08-11 14:42:00,193,FALSE
2015-08-11 15:03:00,277,FALSE
2015-08-11 15:06:00,263,FALSE
2015-08-11 16:02:00,196,FALSE
2015-08-11 16:42:00,193,FALSE
2015-08-11 16:52:00,282,FALSE
2015-08-11 17:02:00,254,FALSE
2015-08-11 17:22:00,243,FALSE
2015-08-11 17:32:00,282,FALSE
2015-08-11 18:12:00,250,FALSE
2015-08-11 18:22:00,280,FALSE
2015-08-11 18:32:00,240,FALSE
2015-08-12 10:13:00,191,FALSE
2015-08-12 11:23:00,166,FALSE
2015-08-12 11:33:00,157,FALSE
2015-08-12 11:42:00,159,FALSE
2015-08-12 11:52:00,152,FALSE
2015-08-12 14:42:00,134,FALSE
2015-08-12 14:52:00,150,FALSE
2015-08-12 15:12:00,160,FALSE
2015-08-12 15:22:00,218,FALSE
2015-08-12 15:32:00,293,FALSE
2015-08-12 15:53:00,336,FALSE
2015-08-12 16:02:00,315,FALSE
2015-08-12 16:12:00,332,FALSE
2015-08-12 16:22:00,353,FALSE
2015-08-12 16:32:00,306,FALSE
2015-08-12 16:52:00,405,FALSE
2015-08-12 17:12:00,392,FALSE
2015-08-12 17:22:00,413,FALSE
2015-08-12 17:32:00,448,FALSE
2015-08-12 17:42:00,399,FALSE
2015-08-12 17:52:00,404,FALSE
2015-08-12 18:02:00,430,FALSE
2015-08-12 18:12:00,370,FALSE
2015-08-12 18:42:00,253,FALSE
2015-08-12 18:52:00,225,FALSE
2015-08-12 19:02:00,172,FALSE
2015-08-12 19:12:00,149,FALSE
2015-08-12 19:22:00,123,FALSE
2015-08-12 21:27:00,164,FALSE
2015-08-13 10:07:00,126,FALSE
2015-08-13 10:37:00,146,FALSE
2015-08-13 10:57:00,146,FALSE
2015-08-13 14:17:00,175,FALSE
2015-08-13 14:27:00,153,FALSE
2015-08-13 15:07:00,180,FALSE
2015-08-13 15:17:00,225,FALSE
2015-08-13 15:37:00,270,FALSE
2015-08-13 15:47:00,390,FALSE
2015-08-13 16:07:00,415,FALSE
2015-08-13 16:17:00,426,FALSE
2015-08-13 16:27:00,392,FALSE
2015-08-13 16:37:00,491,FALSE
2015-08-13 16:47:00,525,FALSE
2015-08-13 16:57:00,596,FALSE
2015-08-13 17:07:00,466,FALSE
2015-08-13 17:17:00,505,FALSE
2015-08-13 17:27:00,531,FALSE
2015-08-13 17:37:00,492,FALSE
2015-08-13 17:47:00,513,FALSE
2015-08-13 17:57:00,399,FALSE
2015-08-13 18:07:00,369,FALSE
2015-08-13 18:37:00,339,FALSE
2015-08-13 18:47:00,319,FALSE
2015-08-13 18:57:00,290,FALSE
2015-08-13 19:07:00,324,FALSE
2015-08-13 19:17:00,324,FALSE
2015-08-13 19:27:00,323,FALSE
2015-08-13 23:47:00,77,FALSE
2015-08-13 23:57:00,79,FALSE
2015-08-14 08:17:00,151,FALSE
2015-08-14 09:17:00,134,FALSE
2015-08-14 09:27:00,147,FALSE
2015-08-14 09:37:00,147,FALSE
2015-08-14 09:47:00,144,FALSE
2015-08-14 09:57:00,171,FALSE
2015-08-14 10:47:00,163,FALSE
2015-08-14 10:57:00,166,FALSE
2015-08-14 11:17:00,169,FALSE
2015-08-14 11:27:00,172,FALSE
2015-08-14 11:37:00,191,FALSE
2015-08-14 11:47:00,180,FALSE
2015-08-14 12:07:00,221,FALSE
2015-08-14 12:17:00,177,FALSE
2015-08-14 12:27:00,207,FALSE
2015-08-14 12:37:00,211,FALSE
2015-08-14 12:47:00,284,FALSE
2015-08-14 12:57:00,223,FALSE
2015-08-14 13:07:00,208,FALSE
2015-08-14 13:37:00,245,FALSE
2015-08-14 13:47:00,217,FALSE
2015-08-14 14:07:00,270,FALSE
2015-08-14 14:17:00,254,FALSE
2015-08-14 14:37:00,303,FALSE
2015-08-14 14:47:00,315,FALSE
2015-08-14 14:57:00,337,FALSE
2015-08-14 15:07:00,377,FALSE
2015-08-14 15:17:00,392,FALSE
2015-08-14 15:37:00,449,FALSE
2015-08-14 15:47:00,429,FALSE
2015-08-14 15:57:00,533,FALSE
2015-08-14 16:07:00,521,FALSE
2015-08-14 16:17:00,699,FALSE
2015-08-14 16:27:00,499,FALSE
2015-08-14 16:37:00,692,FALSE
2015-08-14 16:47:00,575,FALSE
2015-08-14 16:57:00,489,FALSE
2015-08-14 17:07:00,606,FALSE
2015-08-14 17:17:00,620,FALSE
2015-08-14 17:27:00,610,FALSE
2015-08-14 17:37:00,575,FALSE
2015-08-14 17:47:00,505,FALSE
2015-08-14 17:57:00,491,FALSE
2015-08-14 18:07:00,440,FALSE
2015-08-14 18:27:00,331,FALSE
2015-08-14 18:37:00,335,FALSE
2015-08-14 18:47:00,388,FALSE
2015-08-14 18:57:00,296,FALSE
2015-08-14 19:07:00,234,FALSE
2015-08-14 19:17:00,191,FALSE
2015-08-14 19:27:00,179,FALSE
2015-08-14 19:37:00,129,FALSE
2015-08-14 19:47:00,115,FALSE
2015-08-14 20:07:00,89,FALSE
2015-08-14 20:17:00,88,FALSE
2015-08-14 20:27:00,94,FALSE
2015-08-14 20:37:00,61,FALSE
2015-08-14 20:47:00,93,FALSE
2015-08-14 21:32:00,113,FALSE
2015-08-14 21:42:00,104,FALSE
2015-08-14 23:52:00,84,FALSE
2015-08-15 01:32:00,96,FALSE
2015-08-15 03:53:00,60,FALSE
2015-08-15 09:13:00,126,FALSE
2015-08-15 10:03:00,139,FALSE
2015-08-15 10:13:00,117,FALSE
2015-08-15 10:43:00,155,FALSE
2015-08-15 11:23:00,173,FALSE
2015-08-15 11:33:00,200,FALSE
2015-08-15 11:43:00,205,FALSE
2015-08-15 11:53:00,222,FALSE
2015-08-15 12:23:00,270,FALSE
2015-08-15 12:33:00,255,FALSE
2015-08-15 12:53:00,251,FALSE
2015-08-15 13:03:00,257,FALSE
2015-08-15 13:23:00,224,FALSE
2015-08-15 13:33:00,225,FALSE
2015-08-15 14:03:00,195,FALSE
2015-08-15 14:23:00,165,FALSE
2015-08-15 15:03:00,189,FALSE
2015-08-15 15:13:00,167,FALSE
2015-08-15 16:23:00,111,FALSE
2015-08-15 16:53:00,114,FALSE
2015-08-15 17:13:00,86,FALSE
2015-08-15 17:23:00,104,FALSE
2015-08-15 17:33:00,117,FALSE
2015-08-15 17:53:00,61,FALSE
2015-08-15 18:23:00,52,FALSE
2015-08-15 18:33:00,58,FALSE
2015-08-15 18:43:00,67,FALSE
2015-08-15 18:53:00,72,FALSE
2015-08-15 22:18:00,106,FALSE
2015-08-16 10:58:00,103,FALSE
2015-08-16 12:38:00,165,FALSE
2015-08-16 12:48:00,154,FALSE
2015-08-16 12:58:00,170,FALSE
2015-08-16 14:58:00,132,FALSE
2015-08-16 15:18:00,152,FALSE
2015-08-16 15:28:00,179,FALSE
2015-08-16 15:38:00,207,FALSE
2015-08-16 15:48:00,201,FALSE
2015-08-16 16:48:00,109,FALSE
2015-08-17 08:21:00,136,FALSE
2015-08-17 08:31:00,120,FALSE
2015-08-17 08:51:00,139,FALSE
2015-08-17 09:30:00,231,FALSE
2015-08-17 09:41:00,300,FALSE
2015-08-17 10:01:00,402,FALSE
2015-08-17 10:21:00,462,FALSE
2015-08-17 10:31:00,501,FALSE
2015-08-17 10:41:00,494,FALSE
2015-08-17 10:51:00,619,FALSE
2015-08-17 11:01:00,688,FALSE
2015-08-17 11:11:00,796,FALSE
2015-08-17 11:20:00,979,FALSE
2015-08-17 11:30:00,908,FALSE
2015-08-17 11:51:00,989,FALSE
2015-08-17 12:11:00,1022,FALSE
2015-08-17 12:20:00,1035,FALSE
2015-08-17 12:40:00,843,FALSE
2015-08-17 13:00:00,943,FALSE
2015-08-17 13:40:00,1061,FALSE
2015-08-17 13:41:00,1056,FALSE
2015-08-17 14:20:00,1009,FALSE
2015-08-17 14:30:00,904,FALSE
2015-08-17 14:43:00,1098,FALSE
2015-08-17 15:30:00,440,FALSE
2015-08-17 15:41:00,397,FALSE
2015-08-17 15:50:00,358,FALSE
2015-08-17 16:01:00,317,FALSE
2015-08-17 16:30:00,247,FALSE
2015-08-17 16:40:00,219,FALSE
2015-08-17 16:50:00,220,FALSE
2015-08-17 17:00:00,209,FALSE
2015-08-17 17:10:00,185,FALSE
2015-08-17 17:30:00,181,FALSE
2015-08-17 17:42:00,210,FALSE
2015-08-18 09:04:00,129,FALSE
2015-08-18 10:54:00,204,FALSE
2015-08-18 11:24:00,208,FALSE
2015-08-18 11:34:00,215,FALSE
2015-08-18 11:44:00,208,FALSE
2015-08-18 12:14:00,275,FALSE
2015-08-18 12:24:00,250,FALSE
2015-08-18 12:34:00,264,FALSE
2015-08-18 12:44:00,241,FALSE
2015-08-18 13:14:00,262,FALSE
2015-08-18 13:54:00,140,FALSE
2015-08-18 14:14:00,263,FALSE
2015-08-18 14:24:00,240,FALSE
2015-08-18 14:34:00,271,FALSE
2015-08-18 14:54:00,444,FALSE
2015-08-18 15:14:00,273,FALSE
2015-08-18 15:24:00,231,FALSE
2015-08-18 15:44:00,157,FALSE
2015-08-18 15:54:00,149,FALSE
2015-08-18 16:13:00,141,FALSE
2015-08-18 16:26:00,5059,TRUE
2015-08-18 16:46:00,162,FALSE
2015-08-18 16:56:00,229,FALSE
2015-08-18 17:06:00,203,FALSE
2015-08-18 17:16:00,221,FALSE
2015-08-18 17:26:00,222,FALSE
2015-08-18 17:36:00,273,FALSE
2015-08-18 17:46:00,330,FALSE
2015-08-18 17:56:00,406,FALSE
2015-08-18 18:06:00,366,FALSE
2015-08-18 18:16:00,397,FALSE
2015-08-18 18:26:00,338,FALSE
2015-08-18 18:36:00,315,FALSE
2015-08-18 18:46:00,300,FALSE
2015-08-18 18:56:00,194,FALSE
2015-08-19 06:46:00,137,FALSE
2015-08-19 06:56:00,258,FALSE
2015-08-19 09:16:00,118,FALSE
2015-08-19 12:56:00,107,FALSE
2015-08-19 15:09:00,195,FALSE
2015-08-19 16:06:00,182,FALSE
2015-08-19 16:16:00,168,FALSE
2015-08-19 16:46:00,219,FALSE
2015-08-19 17:06:00,319,FALSE
2015-08-19 17:16:00,272,FALSE
2015-08-19 17:26:00,301,FALSE
2015-08-19 17:36:00,412,FALSE
2015-08-19 17:46:00,409,FALSE
2015-08-19 18:06:00,466,FALSE
2015-08-19 18:16:00,395,FALSE
2015-08-19 18:26:00,308,FALSE
2015-08-19 18:36:00,281,FALSE
2015-08-19 18:46:00,210,FALSE
2015-08-19 18:56:00,176,FALSE
2015-08-19 19:06:00,202,FALSE
2015-08-19 19:26:00,141,FALSE
2015-08-19 22:36:00,238,FALSE
2015-08-19 22:46:00,260,FALSE
2015-08-19 22:56:00,268,FALSE
2015-08-19 23:06:00,255,FALSE
2015-08-19 23:16:00,211,FALSE
2015-08-20 01:54:00,121,FALSE
2015-08-20 06:34:00,144,FALSE
2015-08-20 06:44:00,210,FALSE
2015-08-20 07:04:00,418,FALSE
2015-08-20 10:44:00,123,FALSE
2015-08-20 11:54:00,142,FALSE
2015-08-20 12:44:00,145,FALSE
2015-08-20 14:24:00,202,FALSE
2015-08-20 14:34:00,151,FALSE
2015-08-20 14:44:00,148,FALSE
2015-08-20 15:04:00,172,FALSE
2015-08-20 15:14:00,242,FALSE
2015-08-20 15:24:00,236,FALSE
2015-08-20 15:34:00,306,FALSE
2015-08-20 15:44:00,359,FALSE
2015-08-20 15:54:00,422,FALSE
2015-08-20 16:04:00,645,FALSE
2015-08-20 16:14:00,853,FALSE
2015-08-20 16:24:00,767,FALSE
2015-08-20 16:34:00,958,FALSE
2015-08-20 16:44:00,973,FALSE
2015-08-20 16:54:00,1108,FALSE
2015-08-20 17:04:00,1034,FALSE
2015-08-20 17:14:00,1149,FALSE
2015-08-20 17:24:00,1261,FALSE
2015-08-20 17:34:00,1143,FALSE
2015-08-20 17:44:00,1108,FALSE
2015-08-20 17:54:00,917,FALSE
2015-08-20 18:04:00,555,FALSE
2015-08-20 18:24:00,366,FALSE
2015-08-20 18:34:00,502,FALSE
2015-08-20 18:44:00,350,FALSE
2015-08-20 18:54:00,397,FALSE
2015-08-20 19:04:00,280,FALSE
2015-08-20 19:14:00,255,FALSE
2015-08-20 23:35:00,102,FALSE
2015-08-20 23:45:00,93,FALSE
2015-08-20 23:55:00,86,FALSE
2015-08-21 09:08:00,127,FALSE
2015-08-21 09:18:00,137,FALSE
2015-08-21 09:28:00,133,FALSE
2015-08-21 09:38:00,154,FALSE
2015-08-21 09:58:00,158,FALSE
2015-08-21 10:48:00,200,FALSE
2015-08-21 10:58:00,188,FALSE
2015-08-21 11:08:00,183,FALSE
2015-08-21 11:38:00,291,FALSE
2015-08-21 11:48:00,283,FALSE
2015-08-21 11:58:00,302,FALSE
2015-08-21 12:08:00,257,FALSE
2015-08-21 12:18:00,292,FALSE
2015-08-21 12:28:00,289,FALSE
2015-08-21 12:38:00,250,FALSE
2015-08-21 12:48:00,264,FALSE
2015-08-21 12:58:00,241,FALSE
2015-08-21 13:08:00,247,FALSE
2015-08-21 13:18:00,234,FALSE
2015-08-21 13:28:00,283,FALSE
2015-08-21 13:38:00,306,FALSE
2015-08-21 14:08:00,360,FALSE
2015-08-21 14:18:00,386,FALSE
2015-08-21 14:48:00,480,FALSE
2015-08-21 14:58:00,519,FALSE
2015-08-21 15:08:00,447,FALSE
2015-08-21 15:28:00,555,FALSE
2015-08-21 15:58:00,632,FALSE
2015-08-21 16:08:00,645,FALSE
2015-08-21 16:18:00,676,FALSE
2015-08-21 16:28:00,651,FALSE
2015-08-21 16:38:00,723,FALSE
2015-08-21 16:48:00,583,FALSE
2015-08-21 16:58:00,572,FALSE
2015-08-21 17:08:00,610,FALSE
2015-08-21 17:18:00,666,FALSE
2015-08-21 17:28:00,587,FALSE
2015-08-21 17:38:00,581,FALSE
2015-08-21 17:58:00,444,FALSE
2015-08-21 18:08:00,539,FALSE
2015-08-21 18:18:00,673,FALSE
2015-08-21 18:48:00,774,FALSE
2015-08-21 18:58:00,757,FALSE
2015-08-21 19:08:00,747,FALSE
2015-08-21 19:18:00,640,FALSE
2015-08-21 19:28:00,709,FALSE
2015-08-21 19:38:00,591,FALSE
2015-08-21 19:48:00,536,FALSE
2015-08-21 19:58:00,340,FALSE
2015-08-21 20:08:00,199,FALSE
2015-08-21 20:18:00,139,FALSE
2015-08-21 20:28:00,96,FALSE
2015-08-21 20:38:00,60,FALSE
2015-08-21 20:48:00,92,FALSE
2015-08-21 20:58:00,88,FALSE
2015-08-21 21:38:00,103,FALSE
2015-08-21 22:08:00,147,FALSE
2015-08-21 22:18:00,202,FALSE
2015-08-21 22:48:00,492,FALSE
2015-08-21 22:58:00,563,FALSE
2015-08-21 23:08:00,565,FALSE
2015-08-21 23:18:00,560,FALSE
2015-08-21 23:48:00,217,FALSE
2015-08-21 23:58:00,211,FALSE
2015-08-22 00:08:00,181,FALSE
2015-08-22 00:18:00,143,FALSE
2015-08-22 00:28:00,131,FALSE
2015-08-22 03:49:00,64,FALSE
2015-08-22 03:59:00,63,FALSE
2015-08-22 04:49:00,108,FALSE
2015-08-22 07:09:00,190,FALSE
2015-08-22 07:29:00,315,FALSE
2015-08-22 07:39:00,379,FALSE
2015-08-22 07:49:00,442,FALSE
2015-08-22 07:59:00,617,FALSE
2015-08-22 08:19:00,267,FALSE
2015-08-22 08:29:00,240,FALSE
2015-08-22 08:39:00,246,FALSE
2015-08-22 08:59:00,305,FALSE
2015-08-22 09:09:00,382,FALSE
2015-08-22 09:19:00,404,FALSE
2015-08-22 09:29:00,364,FALSE
2015-08-22 09:39:00,365,FALSE
2015-08-22 09:59:00,376,FALSE
2015-08-22 10:09:00,340,FALSE
2015-08-22 10:20:00,282,FALSE
2015-08-22 11:24:00,301,FALSE
2015-08-22 12:37:00,463,FALSE
2015-08-22 13:19:00,350,FALSE
2015-08-22 13:29:00,289,FALSE
2015-08-22 13:59:00,318,FALSE
2015-08-22 14:09:00,274,FALSE
2015-08-22 14:19:00,233,FALSE
2015-08-22 14:49:00,130,FALSE
2015-08-22 14:59:00,132,FALSE
2015-08-22 16:49:00,88,FALSE
2015-08-22 16:59:00,94,FALSE
2015-08-23 17:28:00,104,FALSE
2015-08-23 19:48:00,94,FALSE
2015-08-24 07:53:00,110,FALSE
2015-08-24 08:23:00,113,FALSE
2015-08-24 09:13:00,167,FALSE
2015-08-24 09:33:00,176,FALSE
2015-08-24 09:43:00,192,FALSE
2015-08-24 10:13:00,174,FALSE
2015-08-24 10:23:00,171,FALSE
2015-08-24 11:13:00,177,FALSE
2015-08-24 11:33:00,198,FALSE
2015-08-24 12:13:00,173,FALSE
2015-08-24 12:33:00,142,FALSE
2015-08-24 12:43:00,145,FALSE
2015-08-24 12:53:00,141,FALSE
2015-08-24 13:13:00,181,FALSE
2015-08-24 13:53:00,175,FALSE
2015-08-24 14:03:00,179,FALSE
2015-08-24 14:13:00,161,FALSE
2015-08-24 14:33:00,160,FALSE
2015-08-24 14:43:00,164,FALSE
2015-08-24 15:03:00,217,FALSE
2015-08-24 15:13:00,271,FALSE
2015-08-24 15:23:00,300,FALSE
2015-08-24 15:33:00,278,FALSE
2015-08-24 15:43:00,304,FALSE
2015-08-24 16:03:00,313,FALSE
2015-08-24 16:13:00,257,FALSE
2015-08-24 16:23:00,271,FALSE
2015-08-24 16:33:00,326,FALSE
2015-08-24 16:43:00,349,FALSE
2015-08-24 16:53:00,349,FALSE
2015-08-24 17:03:00,367,FALSE
2015-08-24 17:13:00,487,FALSE
2015-08-24 17:23:00,644,FALSE
2015-08-24 17:33:00,948,FALSE
2015-08-24 17:53:00,1000,FALSE
2015-08-24 18:03:00,955,FALSE
2015-08-24 18:13:00,925,FALSE
2015-08-24 18:23:00,1091,FALSE
2015-08-24 18:33:00,1140,FALSE
2015-08-24 18:43:00,766,FALSE
2015-08-24 18:53:00,403,FALSE
2015-08-24 19:03:00,225,FALSE
2015-08-24 19:13:00,148,FALSE
2015-08-24 21:03:00,98,FALSE
2015-08-24 21:13:00,92,FALSE
2015-08-25 10:43:00,130,FALSE
2015-08-25 11:33:00,105,FALSE
2015-08-25 11:43:00,114,FALSE
2015-08-25 13:03:00,138,FALSE
2015-08-25 13:13:00,125,FALSE
2015-08-25 13:53:00,93,FALSE
2015-08-25 14:03:00,138,FALSE
2015-08-25 14:13:00,202,FALSE
2015-08-25 14:33:00,156,FALSE
2015-08-25 14:43:00,218,FALSE
2015-08-25 14:52:00,233,FALSE
2015-08-25 15:03:00,178,FALSE
2015-08-25 15:13:00,195,FALSE
2015-08-25 15:23:00,223,FALSE
2015-08-25 15:33:00,275,FALSE
2015-08-25 15:43:00,341,FALSE
2015-08-25 16:03:00,379,FALSE
2015-08-25 16:13:00,266,FALSE
2015-08-25 16:23:00,321,FALSE
2015-08-25 16:33:00,320,FALSE
2015-08-25 16:43:00,290,FALSE
2015-08-25 16:53:00,277,FALSE
2015-08-25 17:13:00,166,FALSE
2015-08-25 17:23:00,186,FALSE
2015-08-25 17:33:00,241,FALSE
2015-08-25 17:43:00,245,FALSE
2015-08-25 17:53:00,275,FALSE
2015-08-25 18:03:00,258,FALSE
2015-08-25 18:13:00,290,FALSE
2015-08-25 22:34:00,119,FALSE
2015-08-26 09:41:00,265,FALSE
2015-08-26 10:01:00,432,FALSE
2015-08-26 10:11:00,409,FALSE
2015-08-26 10:21:00,431,FALSE
2015-08-26 10:31:00,438,FALSE
2015-08-26 10:51:00,446,FALSE
2015-08-26 11:01:00,397,FALSE
2015-08-26 11:11:00,389,FALSE
2015-08-26 11:41:00,390,FALSE
2015-08-26 11:51:00,344,FALSE
2015-08-26 12:01:00,359,FALSE
2015-08-26 12:11:00,326,FALSE
2015-08-26 12:21:00,269,FALSE
2015-08-26 12:41:00,296,FALSE
2015-08-26 12:51:00,284,FALSE
2015-08-26 13:01:00,281,FALSE
2015-08-26 13:21:00,357,FALSE
2015-08-26 13:31:00,400,FALSE
2015-08-26 13:41:00,437,FALSE
2015-08-26 13:51:00,363,FALSE
2015-08-26 14:01:00,340,FALSE
2015-08-26 14:11:00,357,FALSE
2015-08-26 14:21:00,352,FALSE
2015-08-26 14:51:00,249,FALSE
2015-08-26 15:01:00,219,FALSE
2015-08-26 15:11:00,235,FALSE
2015-08-26 15:21:00,209,FALSE
2015-08-26 15:31:00,233,FALSE
2015-08-26 15:36:00,249,FALSE
2015-08-26 16:21:00,258,FALSE
2015-08-26 16:31:00,330,FALSE
2015-08-26 16:41:00,350,FALSE
2015-08-26 16:51:00,404,FALSE
2015-08-26 17:01:00,391,FALSE
2015-08-26 17:11:00,372,FALSE
2015-08-26 17:31:00,386,FALSE
2015-08-26 17:41:00,432,FALSE
2015-08-26 17:51:00,344,FALSE
2015-08-26 18:01:00,336,FALSE
2015-08-26 18:11:00,286,FALSE
2015-08-26 18:31:00,301,FALSE
2015-08-26 18:41:00,273,FALSE
2015-08-26 18:51:00,255,FALSE
2015-08-26 19:01:00,208,FALSE
2015-08-26 22:24:00,266,FALSE
2015-08-27 01:08:00,180,FALSE
2015-08-27 14:18:00,126,FALSE
2015-08-27 14:28:00,140,FALSE
2015-08-27 14:38:00,160,FALSE
2015-08-27 14:48:00,208,FALSE
2015-08-27 14:58:00,252,FALSE
2015-08-27 15:08:00,376,FALSE
2015-08-27 15:18:00,425,FALSE
2015-08-27 15:28:00,502,FALSE
2015-08-27 15:38:00,554,FALSE
2015-08-27 15:48:00,647,FALSE
2015-08-27 15:58:00,613,FALSE
2015-08-27 16:08:00,736,FALSE
2015-08-27 16:18:00,775,FALSE
2015-08-27 16:28:00,734,FALSE
2015-08-27 16:38:00,626,FALSE
2015-08-27 16:48:00,623,FALSE
2015-08-27 16:58:00,668,FALSE
2015-08-27 17:08:00,697,FALSE
2015-08-27 17:18:00,635,FALSE
2015-08-27 17:28:00,667,FALSE
2015-08-27 17:38:00,629,FALSE
2015-08-27 17:48:00,516,FALSE
2015-08-27 17:58:00,506,FALSE
2015-08-27 18:08:00,461,FALSE
2015-08-27 18:18:00,428,FALSE
2015-08-27 18:28:00,371,FALSE
2015-08-27 18:38:00,408,FALSE
2015-08-27 18:48:00,410,FALSE
2015-08-27 18:58:00,370,FALSE
2015-08-27 19:08:00,394,FALSE
2015-08-27 19:18:00,307,FALSE
2015-08-27 19:28:00,257,FALSE
2015-08-27 22:48:00,176,FALSE
2015-08-27 23:18:00,101,FALSE
2015-08-27 23:38:00,96,FALSE
2015-08-27 23:58:00,83,FALSE
2015-08-28 06:49:00,256,FALSE
2015-08-28 07:09:00,401,FALSE
2015-08-28 08:59:00,139,FALSE
2015-08-28 09:09:00,202,FALSE
2015-08-28 09:19:00,148,FALSE
2015-08-28 09:29:00,167,FALSE
2015-08-28 09:39:00,160,FALSE
2015-08-28 09:49:00,168,FALSE
2015-08-28 09:59:00,170,FALSE
2015-08-28 10:09:00,153,FALSE
2015-08-28 10:49:00,196,FALSE
2015-08-28 10:59:00,230,FALSE
2015-08-28 11:09:00,256,FALSE
2015-08-28 11:19:00,282,FALSE
2015-08-28 11:29:00,427,FALSE
2015-08-28 11:35:00,458,FALSE
2015-08-28 12:19:00,347,FALSE
2015-08-28 12:29:00,342,FALSE
2015-08-28 12:39:00,287,FALSE
2015-08-28 12:49:00,259,FALSE
2015-08-28 12:59:00,278,FALSE
2015-08-28 13:09:00,286,FALSE
2015-08-28 13:19:00,224,FALSE
2015-08-28 13:29:00,286,FALSE
2015-08-28 13:39:00,378,FALSE
2015-08-28 13:49:00,336,FALSE
2015-08-28 13:59:00,356,FALSE
2015-08-28 14:09:00,327,FALSE
2015-08-28 14:19:00,282,FALSE
2015-08-28 14:29:00,365,FALSE
2015-08-28 14:39:00,458,FALSE
2015-08-28 14:49:00,522,FALSE
2015-08-28 14:59:00,476,FALSE
2015-08-28 15:09:00,544,FALSE
2015-08-28 15:19:00,520,FALSE
2015-08-28 15:29:00,547,FALSE
2015-08-28 15:39:00,515,FALSE
2015-08-28 15:49:00,605,FALSE
2015-08-28 15:59:00,544,FALSE
2015-08-28 16:09:00,469,FALSE
2015-08-28 16:19:00,551,FALSE
2015-08-28 16:29:00,543,FALSE
2015-08-28 16:39:00,618,FALSE
2015-08-28 16:49:00,612,FALSE
2015-08-28 16:59:00,514,FALSE
2015-08-28 17:19:00,601,FALSE
2015-08-28 17:39:00,690,FALSE
2015-08-28 17:49:00,666,FALSE
2015-08-28 17:59:00,648,FALSE
2015-08-28 18:09:00,523,FALSE
2015-08-28 18:29:00,447,FALSE
2015-08-28 18:39:00,418,FALSE
2015-08-28 18:49:00,357,FALSE
2015-08-28 18:59:00,339,FALSE
2015-08-28 19:09:00,268,FALSE
2015-08-28 19:19:00,196,FALSE
2015-08-28 19:29:00,175,FALSE
2015-08-28 19:39:00,117,FALSE
2015-08-28 19:49:00,120,FALSE
2015-08-28 19:59:00,101,FALSE
2015-08-28 20:09:00,94,FALSE
2015-08-28 20:19:00,92,FALSE
2015-08-28 20:29:00,91,FALSE
2015-08-28 20:39:00,60,FALSE
2015-08-28 20:49:00,90,FALSE
2015-08-28 20:59:00,95,FALSE
2015-08-28 21:39:00,105,FALSE
2015-08-28 23:49:00,82,FALSE
2015-08-28 23:51:00,83,FALSE
2015-08-29 07:46:00,151,FALSE
2015-08-29 09:16:00,118,FALSE
2015-08-29 09:46:00,156,FALSE
2015-08-29 10:06:00,190,FALSE
2015-08-29 10:16:00,291,FALSE
2015-08-29 10:26:00,292,FALSE
2015-08-29 11:06:00,313,FALSE
2015-08-29 11:16:00,291,FALSE
2015-08-29 11:26:00,250,FALSE
2015-08-29 11:46:00,256,FALSE
2015-08-29 11:56:00,239,FALSE
2015-08-29 12:06:00,230,FALSE
2015-08-29 12:26:00,220,FALSE
2015-08-29 12:46:00,214,FALSE
2015-08-29 12:56:00,188,FALSE
2015-08-29 13:06:00,185,FALSE
2015-08-29 13:16:00,121,FALSE
2015-08-29 13:26:00,138,FALSE
2015-08-29 13:36:00,135,FALSE
2015-08-29 14:56:00,105,FALSE
2015-08-29 16:06:00,153,FALSE
2015-08-29 16:16:00,194,FALSE
2015-08-29 16:26:00,209,FALSE
2015-08-29 16:36:00,223,FALSE
2015-08-29 16:46:00,142,FALSE
2015-08-29 16:56:00,114,FALSE
2015-08-29 17:06:00,81,FALSE
2015-08-29 17:16:00,82,FALSE
2015-08-29 17:26:00,82,FALSE
2015-08-29 17:36:00,98,FALSE
2015-08-29 18:16:00,59,FALSE
2015-08-29 18:26:00,53,FALSE
2015-08-29 18:36:00,59,FALSE
2015-08-29 18:46:00,62,FALSE
2015-08-29 18:56:00,71,FALSE
2015-08-29 22:26:00,100,FALSE
2015-08-30 10:48:00,99,FALSE
2015-08-30 10:58:00,96,FALSE
2015-08-30 11:28:00,94,FALSE
2015-08-30 12:08:00,154,FALSE
2015-08-30 12:18:00,162,FALSE
2015-08-30 15:18:00,112,FALSE
2015-08-30 16:28:00,149,FALSE
2015-08-30 16:58:00,124,FALSE
2015-08-30 17:38:00,122,FALSE
2015-08-30 19:08:00,128,FALSE
2015-08-30 19:48:00,102,FALSE
2015-08-30 19:58:00,106,FALSE
2015-08-30 20:18:00,117,FALSE
2015-08-30 20:48:00,119,FALSE
2015-08-30 20:58:00,128,FALSE
2015-08-31 06:14:00,97,FALSE
2015-08-31 06:24:00,104,FALSE
2015-08-31 08:24:00,121,FALSE
2015-08-31 08:54:00,142,FALSE
2015-08-31 09:14:00,163,FALSE
2015-08-31 09:24:00,148,FALSE
2015-08-31 09:44:00,227,FALSE
2015-08-31 09:54:00,267,FALSE
2015-08-31 10:04:00,329,FALSE
2015-08-31 10:14:00,337,FALSE
2015-08-31 10:24:00,442,FALSE
2015-08-31 10:34:00,442,FALSE
2015-08-31 10:44:00,408,FALSE
2015-08-31 10:54:00,394,FALSE
2015-08-31 11:04:00,452,FALSE
2015-08-31 11:24:00,410,FALSE
2015-08-31 11:34:00,402,FALSE
2015-08-31 11:44:00,379,FALSE
2015-08-31 11:54:00,438,FALSE
2015-08-31 12:04:00,420,FALSE
2015-08-31 12:14:00,371,FALSE
2015-08-31 12:24:00,497,FALSE
2015-08-31 12:34:00,482,FALSE
2015-08-31 12:44:00,510,FALSE
2015-08-31 12:54:00,503,FALSE
2015-08-31 13:04:00,461,FALSE
2015-08-31 13:14:00,330,FALSE
2015-08-31 13:24:00,407,FALSE
2015-08-31 13:34:00,438,FALSE
2015-08-31 13:44:00,481,FALSE
2015-08-31 13:54:00,444,FALSE
2015-08-31 14:03:00,418,FALSE
2015-08-31 14:14:00,513,FALSE
2015-08-31 14:24:00,522,FALSE
2015-08-31 14:34:00,524,FALSE
2015-08-31 14:44:00,787,FALSE
2015-08-31 14:54:00,674,FALSE
2015-08-31 15:04:00,912,FALSE
2015-08-31 15:14:00,954,FALSE
2015-08-31 15:24:00,884,FALSE
2015-08-31 15:34:00,1017,FALSE
2015-08-31 15:44:00,1046,FALSE
2015-08-31 15:54:00,671,FALSE
2015-08-31 16:04:00,594,FALSE
2015-08-31 16:14:00,548,FALSE
2015-08-31 16:24:00,461,FALSE
2015-08-31 16:34:00,452,FALSE
2015-08-31 16:35:00,423,FALSE
2015-08-31 17:24:00,279,FALSE
2015-08-31 17:34:00,378,FALSE
2015-08-31 17:44:00,366,FALSE
2015-08-31 17:54:00,311,FALSE
2015-08-31 18:04:00,274,FALSE
2015-08-31 18:14:00,252,FALSE
2015-08-31 18:24:00,308,FALSE
2015-08-31 18:34:00,276,FALSE
2015-08-31 18:44:00,259,FALSE
2015-08-31 18:54:00,163,FALSE
2015-08-31 21:04:00,183,FALSE
2015-08-31 21:14:00,189,FALSE
2015-08-31 21:24:00,215,FALSE
2015-08-31 21:34:00,547,FALSE
2015-08-31 21:44:00,879,FALSE
2015-08-31 21:54:00,798,FALSE
2015-08-31 22:03:00,697,FALSE
2015-08-31 22:14:00,411,FALSE
2015-08-31 22:24:00,371,FALSE
2015-08-31 22:34:00,702,FALSE
2015-08-31 22:44:00,807,FALSE
2015-08-31 22:54:00,871,FALSE
2015-08-31 23:04:00,537,FALSE
2015-08-31 23:14:00,430,FALSE
2015-08-31 23:24:00,427,FALSE
2015-08-31 23:34:00,373,FALSE
2015-08-31 23:44:00,328,FALSE
2015-08-31 23:54:00,322,FALSE
2015-09-01 00:24:00,301,FALSE
2015-09-01 00:34:00,281,FALSE
2015-09-01 00:44:00,262,FALSE
2015-09-01 00:54:00,252,FALSE
2015-09-01 01:04:00,242,FALSE
2015-09-01 01:14:00,206,FALSE
2015-09-01 05:34:00,168,TRUE
2015-09-01 05:54:00,213,FALSE
2015-09-01 06:16:00,661,FALSE
2015-09-01 06:26:00,525,FALSE
2015-09-01 06:36:00,603,FALSE
2015-09-01 06:46:00,602,FALSE
2015-09-01 06:56:00,614,FALSE
2015-09-01 07:06:00,838,FALSE
2015-09-01 07:16:00,990,FALSE
2015-09-01 07:26:00,1047,FALSE
2015-09-01 07:36:00,1051,FALSE
2015-09-01 07:46:00,1373,FALSE
2015-09-01 07:56:00,1259,FALSE
2015-09-01 08:06:00,1621,FALSE
2015-09-01 08:16:00,1680,FALSE
2015-09-01 08:26:00,1551,FALSE
2015-09-01 08:36:00,1787,FALSE
2015-09-01 08:46:00,2325,FALSE
2015-09-01 09:06:00,2014,FALSE
2015-09-01 09:16:00,1853,FALSE
2015-09-01 09:26:00,1920,FALSE
2015-09-01 09:36:00,1993,FALSE
2015-09-01 09:46:00,1841,FALSE
2015-09-01 09:56:00,1861,FALSE
2015-09-01 10:06:00,1901,FALSE
2015-09-01 10:16:00,1863,FALSE
2015-09-01 10:26:00,2134,FALSE
2015-09-01 10:36:00,1974,FALSE
2015-09-01 10:46:00,1868,FALSE
2015-09-01 10:56:00,1775,FALSE
2015-09-01 11:06:00,727,FALSE
2015-09-01 11:16:00,941,FALSE
2015-09-01 11:26:00,1038,FALSE
2015-09-01 11:36:00,799,FALSE
2015-09-01 11:46:00,672,FALSE
2015-09-01 11:56:00,679,FALSE
2015-09-01 12:06:00,592,FALSE
2015-09-01 12:26:00,358,FALSE
2015-09-01 12:36:00,249,FALSE
2015-09-01 12:46:00,237,FALSE
2015-09-01 12:56:00,203,FALSE
2015-09-01 13:06:00,223,FALSE
2015-09-01 13:16:00,217,FALSE
2015-09-01 13:26:00,209,FALSE
2015-09-01 13:36:00,206,FALSE
2015-09-01 13:56:00,157,FALSE
2015-09-01 14:06:00,244,FALSE
2015-09-01 14:16:00,283,FALSE
2015-09-01 14:26:00,380,FALSE
2015-09-01 14:36:00,458,FALSE
2015-09-01 14:46:00,500,FALSE
2015-09-01 14:56:00,628,FALSE
2015-09-01 15:06:00,724,FALSE
2015-09-01 15:07:00,739,FALSE
2015-09-01 15:56:00,931,FALSE
2015-09-01 16:06:00,905,FALSE
2015-09-01 16:16:00,891,FALSE
2015-09-01 16:26:00,1002,FALSE
2015-09-01 16:36:00,970,FALSE
2015-09-01 16:46:00,912,FALSE
2015-09-01 16:56:00,999,FALSE
2015-09-01 17:06:00,963,FALSE
2015-09-01 17:16:00,972,FALSE
2015-09-01 17:26:00,760,FALSE
2015-09-01 17:36:00,648,FALSE
2015-09-01 17:46:00,569,FALSE
2015-09-01 17:56:00,586,FALSE
2015-09-01 18:06:00,527,FALSE
2015-09-01 18:16:00,465,FALSE
2015-09-01 18:26:00,507,FALSE
2015-09-01 18:36:00,420,FALSE
2015-09-01 18:46:00,403,FALSE
2015-09-01 18:56:00,330,FALSE
2015-09-01 19:06:00,278,FALSE
2015-09-01 19:16:00,191,FALSE
2015-09-01 19:26:00,173,FALSE
2015-09-01 21:01:00,220,FALSE
2015-09-01 21:22:00,2268,FALSE
2015-09-01 21:32:00,2190,FALSE
2015-09-01 21:52:00,108,FALSE
2015-09-01 23:02:00,122,FALSE
2015-09-02 06:42:00,245,FALSE
2015-09-02 06:52:00,300,FALSE
2015-09-02 11:22:00,176,FALSE
2015-09-02 11:32:00,172,FALSE
2015-09-02 11:42:00,233,FALSE
2015-09-02 11:52:00,272,FALSE
2015-09-02 12:12:00,299,FALSE
2015-09-02 12:22:00,307,FALSE
2015-09-02 12:32:00,283,FALSE
2015-09-02 12:42:00,317,FALSE
2015-09-02 12:52:00,239,FALSE
2015-09-02 13:02:00,234,FALSE
2015-09-02 13:22:00,240,FALSE
2015-09-02 13:32:00,201,FALSE
2015-09-02 13:42:00,162,FALSE
2015-09-02 13:52:00,179,FALSE
2015-09-02 14:12:00,276,FALSE
2015-09-02 14:22:00,279,FALSE
2015-09-02 14:32:00,346,FALSE
2015-09-02 14:42:00,399,FALSE
2015-09-02 14:52:00,488,FALSE
2015-09-02 15:02:00,645,FALSE
2015-09-02 15:12:00,618,FALSE
2015-09-02 15:22:00,556,FALSE
2015-09-02 15:28:00,538,FALSE
2015-09-02 16:12:00,1031,FALSE
2015-09-02 16:22:00,880,FALSE
2015-09-02 16:32:00,1286,FALSE
2015-09-02 16:42:00,1060,FALSE
2015-09-02 16:52:00,1202,FALSE
2015-09-02 17:02:00,1220,FALSE
2015-09-02 17:12:00,1379,FALSE
2015-09-02 17:22:00,1283,FALSE
2015-09-02 17:32:00,1167,FALSE
2015-09-02 17:42:00,1064,FALSE
2015-09-02 17:52:00,825,FALSE
2015-09-02 18:02:00,742,FALSE
2015-09-02 18:11:00,702,FALSE
2015-09-02 18:22:00,705,FALSE
2015-09-02 18:32:00,586,FALSE
2015-09-02 18:42:00,674,FALSE
2015-09-02 18:52:00,517,FALSE
2015-09-02 19:02:00,424,FALSE
2015-09-02 19:12:00,333,FALSE
2015-09-02 19:22:00,262,FALSE
2015-09-02 19:32:00,193,FALSE
2015-09-02 19:42:00,223,FALSE
2015-09-02 19:52:00,173,FALSE
2015-09-02 20:02:00,170,FALSE
2015-09-02 20:12:00,192,FALSE
2015-09-02 20:27:00,187,FALSE
2015-09-02 20:37:00,254,FALSE
2015-09-02 20:47:00,321,FALSE
2015-09-02 20:57:00,351,FALSE
2015-09-02 21:07:00,487,FALSE
2015-09-02 21:17:00,708,FALSE
2015-09-02 21:27:00,634,FALSE
2015-09-02 21:37:00,630,FALSE
2015-09-02 21:47:00,454,FALSE
2015-09-02 21:57:00,340,FALSE
2015-09-02 22:17:00,181,FALSE
2015-09-03 01:47:00,140,FALSE
2015-09-03 06:47:00,186,FALSE
2015-09-03 06:57:00,348,FALSE
2015-09-03 07:07:00,413,FALSE
2015-09-03 07:17:00,416,FALSE
2015-09-03 07:27:00,494,FALSE
2015-09-03 07:37:00,548,FALSE
2015-09-03 07:47:00,726,FALSE
2015-09-03 07:57:00,779,FALSE
2015-09-03 08:07:00,907,FALSE
2015-09-03 08:17:00,1031,FALSE
2015-09-03 08:27:00,1221,FALSE
2015-09-03 08:37:00,1154,FALSE
2015-09-03 08:47:00,1356,FALSE
2015-09-03 08:57:00,1602,FALSE
2015-09-03 09:07:00,1637,FALSE
2015-09-03 09:17:00,1672,FALSE
2015-09-03 09:27:00,1442,FALSE
2015-09-03 09:37:00,1030,FALSE
2015-09-03 09:47:00,1135,FALSE
2015-09-03 09:57:00,1069,FALSE
2015-09-03 10:07:00,821,FALSE
2015-09-03 10:17:00,658,FALSE
2015-09-03 10:27:00,633,FALSE
2015-09-03 10:37:00,430,FALSE
2015-09-03 10:47:00,307,FALSE
2015-09-03 10:57:00,415,FALSE
2015-09-03 11:07:00,493,FALSE
2015-09-03 11:17:00,465,FALSE
2015-09-03 11:27:00,542,FALSE
2015-09-03 11:37:00,455,FALSE
2015-09-03 11:57:00,408,FALSE
2015-09-03 12:07:00,445,FALSE
2015-09-03 12:17:00,463,FALSE
2015-09-03 12:27:00,434,FALSE
2015-09-03 12:37:00,419,FALSE
2015-09-03 12:47:00,405,FALSE
2015-09-03 12:57:00,410,FALSE
2015-09-03 13:07:00,417,FALSE
2015-09-03 13:17:00,403,FALSE
2015-09-03 13:27:00,433,FALSE
2015-09-03 13:37:00,413,FALSE
2015-09-03 13:39:00,408,FALSE
2015-09-03 14:27:00,533,FALSE
2015-09-03 14:37:00,640,FALSE
2015-09-03 14:47:00,573,FALSE
2015-09-03 14:57:00,600,FALSE
2015-09-03 15:07:00,876,FALSE
2015-09-03 15:17:00,1003,FALSE
2015-09-03 15:27:00,1080,FALSE
2015-09-03 15:37:00,1133,FALSE
2015-09-03 15:47:00,1302,FALSE
2015-09-03 15:57:00,1330,FALSE
2015-09-03 15:58:00,1374,FALSE
2015-09-03 16:26:00,829,FALSE
2015-09-03 16:36:00,992,FALSE
2015-09-03 16:46:00,1307,FALSE
2015-09-03 16:56:00,1822,FALSE
2015-09-03 17:06:00,1761,FALSE
2015-09-03 17:16:00,1720,FALSE
2015-09-03 17:27:00,1893,FALSE
2015-09-03 17:36:00,1449,FALSE
2015-09-03 17:46:00,1319,FALSE
2015-09-03 17:48:00,1197,FALSE
2015-09-03 18:31:00,482,FALSE
2015-09-03 18:56:00,638,FALSE
2015-09-03 19:06:00,553,FALSE
2015-09-03 19:16:00,528,FALSE
2015-09-03 19:26:00,307,FALSE
2015-09-03 21:02:00,232,FALSE
2015-09-03 21:12:00,290,FALSE
2015-09-03 21:22:00,294,FALSE
2015-09-03 21:42:00,187,FALSE
2015-09-03 21:52:00,186,FALSE
2015-09-03 22:42:00,163,FALSE
2015-09-03 22:52:00,148,FALSE
2015-09-03 23:32:00,150,FALSE
2015-09-03 23:42:00,174,FALSE
2015-09-03 23:52:00,205,FALSE
2015-09-04 00:02:00,214,FALSE
2015-09-04 00:12:00,172,FALSE
2015-09-04 01:43:00,94,FALSE
2015-09-04 03:53:00,66,FALSE
2015-09-04 04:43:00,79,FALSE
2015-09-04 04:53:00,88,FALSE
2015-09-04 05:23:00,107,FALSE
2015-09-04 05:43:00,103,FALSE
2015-09-04 08:03:00,121,FALSE
2015-09-04 08:33:00,100,FALSE
2015-09-04 09:03:00,122,FALSE
2015-09-04 09:13:00,114,FALSE
2015-09-04 09:33:00,131,FALSE
2015-09-04 09:53:00,140,FALSE
2015-09-04 10:13:00,138,FALSE
2015-09-04 10:33:00,147,FALSE
2015-09-04 10:43:00,150,FALSE
2015-09-04 10:53:00,168,FALSE
2015-09-04 11:03:00,155,FALSE
2015-09-04 11:13:00,153,FALSE
2015-09-04 11:23:00,151,FALSE
2015-09-04 11:33:00,147,FALSE
2015-09-04 11:43:00,158,FALSE
2015-09-04 11:53:00,162,FALSE
2015-09-04 12:13:00,143,FALSE
2015-09-04 12:23:00,166,FALSE
2015-09-04 12:33:00,149,FALSE
2015-09-04 12:43:00,158,FALSE
2015-09-04 13:13:00,144,FALSE
2015-09-04 13:23:00,122,FALSE
2015-09-04 13:43:00,124,FALSE
2015-09-04 13:53:00,145,FALSE
2015-09-04 14:03:00,123,FALSE
2015-09-04 14:23:00,122,FALSE
2015-09-04 14:43:00,231,FALSE
2015-09-04 16:03:00,115,FALSE
2015-09-04 16:13:00,242,FALSE
2015-09-04 16:33:00,138,FALSE
2015-09-04 17:03:00,113,FALSE
2015-09-04 17:23:00,135,FALSE
2015-09-04 17:33:00,137,FALSE
2015-09-04 18:03:00,107,FALSE
2015-09-04 19:13:00,126,FALSE
2015-09-04 19:33:00,75,FALSE
2015-09-04 19:43:00,70,FALSE
2015-09-04 19:53:00,88,FALSE
2015-09-04 20:03:00,84,FALSE
2015-09-04 20:13:00,81,FALSE
2015-09-04 20:23:00,84,FALSE
2015-09-04 20:33:00,77,FALSE
2015-09-04 20:43:00,82,FALSE
2015-09-04 21:03:00,71,FALSE
2015-09-04 21:13:00,67,FALSE
2015-09-05 00:09:00,75,FALSE
2015-09-05 06:39:00,59,FALSE
2015-09-05 06:49:00,51,FALSE
2015-09-05 06:59:00,53,FALSE
2015-09-05 07:09:00,63,FALSE
2015-09-05 09:29:00,133,FALSE
2015-09-05 12:37:00,115,FALSE
2015-09-05 14:27:00,102,FALSE
2015-09-05 23:47:00,92,FALSE
2015-09-05 23:57:00,88,FALSE
2015-09-06 00:37:00,118,FALSE
2015-09-06 01:07:00,109,FALSE
2015-09-06 01:47:00,109,FALSE
2015-09-06 02:07:00,101,FALSE
2015-09-06 02:27:00,93,FALSE
2015-09-06 03:08:00,94,FALSE
2015-09-06 04:28:00,94,FALSE
2015-09-06 04:38:00,14,FALSE
2015-09-06 04:48:00,93,FALSE
2015-09-06 05:18:00,86,FALSE
2015-09-06 05:58:00,52,FALSE
2015-09-06 06:38:00,34,FALSE
2015-09-06 06:48:00,32,FALSE
2015-09-06 06:58:00,33,FALSE
2015-09-06 07:18:00,60,FALSE
2015-09-06 15:32:00,95,FALSE
2015-09-06 16:22:00,97,FALSE
2015-09-07 01:52:00,93,FALSE
2015-09-07 03:22:00,73,FALSE
2015-09-07 04:32:00,95,FALSE
2015-09-07 04:42:00,92,FALSE
2015-09-07 05:02:00,100,FALSE
2015-09-07 07:12:00,96,FALSE
2015-09-07 08:12:00,72,FALSE
2015-09-07 08:52:00,119,FALSE
2015-09-07 09:02:00,134,FALSE
2015-09-07 09:22:00,132,FALSE
2015-09-07 09:32:00,132,FALSE
2015-09-07 09:42:00,137,FALSE
2015-09-07 09:52:00,140,FALSE
2015-09-07 10:02:00,136,FALSE
2015-09-07 10:12:00,139,FALSE
2015-09-07 10:22:00,138,FALSE
2015-09-07 10:32:00,138,FALSE
2015-09-07 10:52:00,144,FALSE
2015-09-07 11:02:00,145,FALSE
2015-09-07 11:22:00,129,FALSE
2015-09-07 11:42:00,143,FALSE
2015-09-07 11:52:00,134,FALSE
2015-09-07 12:02:00,124,FALSE
2015-09-07 12:32:00,138,FALSE
2015-09-07 12:45:00,137,FALSE
2015-09-07 13:05:00,147,FALSE
2015-09-07 13:15:00,142,FALSE
2015-09-07 13:25:00,142,FALSE
2015-09-07 13:35:00,148,FALSE
2015-09-07 13:45:00,139,FALSE
2015-09-07 13:55:00,143,FALSE
2015-09-07 14:05:00,145,FALSE
2015-09-07 14:15:00,148,FALSE
2015-09-07 14:25:00,125,FALSE
2015-09-07 14:35:00,128,FALSE
2015-09-07 14:45:00,123,FALSE
2015-09-07 14:55:00,133,FALSE
2015-09-07 15:05:00,139,FALSE
2015-09-07 15:35:00,125,FALSE
2015-09-07 15:45:00,125,FALSE
2015-09-07 15:55:00,139,FALSE
2015-09-07 16:05:00,136,FALSE
2015-09-07 16:15:00,131,FALSE
2015-09-07 16:25:00,137,FALSE
2015-09-07 16:45:00,126,FALSE
2015-09-07 17:05:00,113,FALSE
2015-09-07 17:25:00,131,FALSE
2015-09-07 17:35:00,136,FALSE
2015-09-07 17:45:00,138,FALSE
2015-09-07 18:05:00,143,FALSE
2015-09-07 18:15:00,154,FALSE
2015-09-07 18:35:00,158,FALSE
2015-09-07 18:45:00,140,FALSE
2015-09-07 18:55:00,130,FALSE
2015-09-07 19:01:00,124,FALSE
2015-09-08 00:54:00,11,FALSE
2015-09-08 01:44:00,67,FALSE
2015-09-08 01:54:00,70,FALSE
2015-09-08 02:04:00,97,FALSE
2015-09-08 02:54:00,78,FALSE
2015-09-08 03:24:00,44,FALSE
2015-09-08 04:24:00,12,FALSE
2015-09-08 04:34:00,34,FALSE
2015-09-08 04:44:00,31,FALSE
2015-09-08 11:28:00,82,FALSE
2015-09-08 11:36:00,63,FALSE
2015-09-08 11:46:00,66,FALSE
2015-09-08 13:16:00,114,FALSE
2015-09-08 13:26:00,131,FALSE
2015-09-08 13:29:00,136,FALSE
2015-09-08 14:08:00,138,FALSE
2015-09-08 14:18:00,147,FALSE
2015-09-08 14:28:00,137,FALSE
2015-09-08 14:48:00,162,FALSE
2015-09-08 14:58:00,167,FALSE
2015-09-08 15:08:00,145,FALSE
2015-09-08 15:18:00,157,FALSE
2015-09-08 15:28:00,212,FALSE
2015-09-08 15:38:00,230,FALSE
2015-09-08 15:48:00,259,FALSE
2015-09-08 15:58:00,199,FALSE
2015-09-08 16:08:00,170,FALSE
2015-09-08 16:18:00,216,FALSE
2015-09-08 16:38:00,191,FALSE
2015-09-08 16:48:00,149,FALSE
2015-09-08 16:58:00,165,FALSE
2015-09-08 17:18:00,195,FALSE
2015-09-08 17:28:00,176,FALSE
2015-09-08 17:48:00,182,FALSE
2015-09-08 17:58:00,154,FALSE
2015-09-08 18:08:00,163,FALSE
2015-09-08 18:18:00,225,FALSE
2015-09-08 18:28:00,234,FALSE
2015-09-08 18:48:00,180,FALSE
2015-09-08 18:58:00,178,FALSE
2015-09-08 19:08:00,146,FALSE
2015-09-08 20:18:00,109,FALSE
2015-09-08 20:48:00,116,FALSE
2015-09-08 20:58:00,103,FALSE
2015-09-08 22:18:00,144,FALSE
2015-09-08 23:18:00,180,FALSE
2015-09-08 23:28:00,159,FALSE
2015-09-08 23:38:00,178,FALSE
2015-09-08 23:58:00,148,FALSE
2015-09-09 00:28:00,113,FALSE
2015-09-09 00:48:00,103,FALSE
2015-09-09 01:38:00,57,FALSE
2015-09-09 01:58:00,58,FALSE
2015-09-09 02:18:00,120,FALSE
2015-09-09 02:28:00,121,FALSE
2015-09-09 02:48:00,96,FALSE
2015-09-09 02:58:00,101,FALSE
2015-09-09 03:38:00,99,FALSE
2015-09-09 03:58:00,94,FALSE
2015-09-09 04:08:00,92,FALSE
2015-09-09 04:28:00,35,FALSE
2015-09-09 04:38:00,31,FALSE
2015-09-09 04:48:00,13,FALSE
2015-09-09 04:58:00,13,FALSE
2015-09-09 05:08:00,12,FALSE
2015-09-09 07:28:00,103,FALSE
2015-09-09 11:30:00,109,FALSE
2015-09-09 11:50:00,96,FALSE
2015-09-09 12:00:00,94,FALSE
2015-09-09 13:20:00,139,FALSE
2015-09-09 14:29:00,101,FALSE
2015-09-09 14:50:00,139,FALSE
2015-09-09 15:00:00,160,FALSE
2015-09-09 15:09:00,199,FALSE
2015-09-09 15:29:00,220,FALSE
2015-09-09 15:40:00,358,FALSE
2015-09-09 15:50:00,359,FALSE
2015-09-09 16:00:00,459,FALSE
2015-09-09 16:10:00,443,FALSE
2015-09-09 16:20:00,477,FALSE
2015-09-09 16:29:00,314,FALSE
2015-09-09 16:40:00,384,FALSE
2015-09-09 16:50:00,428,FALSE
2015-09-09 16:59:00,338,FALSE
2015-09-09 17:19:00,145,FALSE
2015-09-09 17:30:00,175,FALSE
2015-09-09 17:40:00,175,FALSE
2015-09-09 17:59:00,171,FALSE
2015-09-09 18:09:00,182,FALSE
2015-09-09 18:19:00,162,FALSE
2015-09-09 18:30:00,144,FALSE
2015-09-09 18:39:00,176,FALSE
2015-09-09 18:49:00,207,FALSE
2015-09-09 18:59:00,169,FALSE
2015-09-09 19:10:00,146,FALSE
2015-09-09 19:20:00,125,FALSE
2015-09-09 22:59:00,99,FALSE
2015-09-09 23:39:00,97,FALSE
2015-09-09 23:49:00,97,FALSE
2015-09-10 00:09:00,83,FALSE
2015-09-10 00:19:00,87,FALSE
2015-09-10 00:29:00,90,FALSE
2015-09-10 00:39:00,90,FALSE
2015-09-10 01:09:00,50,FALSE
2015-09-10 01:19:00,93,FALSE
2015-09-10 01:29:00,91,FALSE
2015-09-10 01:49:00,19,FALSE
2015-09-10 01:59:00,19,FALSE
2015-09-10 02:09:00,91,FALSE
2015-09-10 02:19:00,55,FALSE
2015-09-10 02:39:00,50,FALSE
2015-09-10 02:49:00,49,FALSE
2015-09-10 02:59:00,53,FALSE
2015-09-10 03:19:00,52,FALSE
2015-09-10 03:30:00,54,FALSE
2015-09-10 03:59:00,53,FALSE
2015-09-10 04:09:00,85,FALSE
2015-09-10 04:19:00,51,FALSE
2015-09-10 04:29:00,53,FALSE
2015-09-10 04:39:00,18,FALSE
2015-09-10 04:49:00,56,FALSE
2015-09-10 04:59:00,54,FALSE
2015-09-10 05:29:00,10,FALSE
2015-09-10 05:39:00,9,FALSE
2015-09-10 09:19:00,113,FALSE
2015-09-10 09:29:00,116,FALSE
2015-09-10 09:39:00,100,FALSE
2015-09-10 09:59:00,118,FALSE
2015-09-10 12:23:00,117,FALSE
2015-09-10 14:43:00,129,FALSE
2015-09-10 14:53:00,159,FALSE
2015-09-10 15:03:00,169,FALSE
2015-09-10 15:13:00,213,FALSE
2015-09-10 15:43:00,373,FALSE
2015-09-10 15:53:00,405,FALSE
2015-09-10 16:03:00,387,FALSE
2015-09-10 16:13:00,450,FALSE
2015-09-10 16:23:00,434,FALSE
2015-09-10 16:33:00,293,FALSE
2015-09-10 16:43:00,244,FALSE
2015-09-10 16:53:00,238,FALSE
2015-09-10 17:03:00,219,FALSE
2015-09-10 17:13:00,190,FALSE
2015-09-10 17:23:00,202,FALSE
2015-09-10 17:33:00,209,FALSE
2015-09-10 17:43:00,222,FALSE
2015-09-10 17:53:00,185,FALSE
2015-09-10 18:03:00,168,FALSE
2015-09-10 18:13:00,133,FALSE
2015-09-10 18:43:00,141,FALSE
2015-09-10 19:03:00,157,FALSE
2015-09-10 19:13:00,181,FALSE
2015-09-10 19:23:00,627,FALSE
2015-09-10 19:33:00,142,FALSE
2015-09-10 20:23:00,137,FALSE
2015-09-10 20:43:00,150,FALSE
2015-09-10 22:53:00,731,FALSE
2015-09-10 23:13:00,4630,FALSE
2015-09-10 23:18:00,4562,FALSE
2015-09-11 00:13:00,4891,FALSE
2015-09-11 00:25:00,4813,FALSE
2015-09-11 05:03:00,104,FALSE
2015-09-11 05:33:00,105,FALSE
2015-09-11 08:03:00,107,FALSE
2015-09-11 08:13:00,111,FALSE
2015-09-11 08:33:00,98,FALSE
2015-09-11 08:43:00,119,FALSE
2015-09-11 09:13:00,118,FALSE
2015-09-11 09:23:00,133,FALSE
2015-09-11 09:33:00,148,FALSE
2015-09-11 09:53:00,162,FALSE
2015-09-11 10:13:00,371,FALSE
2015-09-11 10:33:00,148,FALSE
2015-09-11 10:43:00,146,FALSE
2015-09-11 10:53:00,158,FALSE
2015-09-11 11:03:00,175,FALSE
2015-09-11 11:13:00,223,FALSE
2015-09-11 11:23:00,171,FALSE
2015-09-11 11:29:00,162,FALSE
2015-09-11 11:39:00,159,FALSE
2015-09-11 11:49:00,207,FALSE
2015-09-11 11:59:00,156,FALSE
2015-09-11 12:09:00,165,FALSE
2015-09-11 12:19:00,163,FALSE
2015-09-11 12:29:00,195,FALSE
2015-09-11 12:39:00,156,FALSE
2015-09-11 12:49:00,195,FALSE
2015-09-11 12:59:00,154,FALSE
2015-09-11 13:29:00,149,FALSE
2015-09-11 13:39:00,153,FALSE
2015-09-11 13:49:00,128,FALSE
2015-09-11 13:59:00,118,FALSE
2015-09-11 14:09:00,133,FALSE
2015-09-11 14:19:00,168,FALSE
2015-09-11 14:29:00,152,FALSE
2015-09-11 14:39:00,150,FALSE
2015-09-11 14:49:00,146,FALSE
2015-09-11 14:59:00,164,FALSE
2015-09-11 15:09:00,156,FALSE
2015-09-11 15:19:00,158,FALSE
2015-09-11 15:29:00,184,FALSE
2015-09-11 15:39:00,249,FALSE
2015-09-11 15:49:00,232,FALSE
2015-09-11 15:59:00,235,FALSE
2015-09-11 16:09:00,235,FALSE
2015-09-11 16:19:00,253,FALSE
2015-09-11 16:29:00,287,FALSE
2015-09-11 16:39:00,310,FALSE
2015-09-11 16:49:00,327,FALSE
2015-09-11 16:59:00,351,FALSE
2015-09-11 17:09:00,333,FALSE
2015-09-11 17:19:00,329,FALSE
2015-09-11 17:29:00,308,FALSE
2015-09-11 17:39:00,284,FALSE
2015-09-11 17:49:00,284,FALSE
2015-09-11 17:59:00,229,FALSE
2015-09-11 18:09:00,145,FALSE
2015-09-11 18:19:00,196,FALSE
2015-09-11 18:39:00,166,FALSE
2015-09-11 18:49:00,199,FALSE
2015-09-11 18:59:00,197,FALSE
2015-09-11 19:09:00,131,FALSE
2015-09-11 19:12:00,134,FALSE
2015-09-11 19:22:00,134,FALSE
2015-09-11 19:32:00,79,FALSE
2015-09-11 19:42:00,77,FALSE
2015-09-11 19:52:00,95,FALSE
2015-09-11 20:02:00,87,FALSE
2015-09-11 20:12:00,103,FALSE
2015-09-11 20:22:00,90,FALSE
2015-09-11 20:32:00,85,FALSE
2015-09-11 20:42:00,94,FALSE
2015-09-11 20:52:00,115,FALSE
2015-09-11 21:02:00,70,FALSE
2015-09-11 21:12:00,73,FALSE
2015-09-11 23:12:00,163,FALSE
2015-09-11 23:22:00,215,FALSE
2015-09-11 23:32:00,298,FALSE
2015-09-11 23:42:00,302,FALSE
2015-09-11 23:52:00,246,FALSE
2015-09-12 00:02:00,188,FALSE
2015-09-12 00:12:00,124,FALSE
2015-09-12 00:22:00,155,FALSE
2015-09-12 00:42:00,154,FALSE
2015-09-12 00:52:00,156,FALSE
2015-09-12 01:12:00,116,FALSE
2015-09-12 01:42:00,2769,FALSE
2015-09-12 01:52:00,2697,FALSE
2015-09-12 02:12:00,2833,FALSE
2015-09-12 02:20:00,2730,FALSE
2015-09-12 02:42:00,3799,FALSE
2015-09-12 02:53:00,3853,FALSE
2015-09-12 07:12:00,61,FALSE
2015-09-12 07:22:00,102,FALSE
2015-09-12 07:52:00,106,FALSE
2015-09-12 08:42:00,135,FALSE
2015-09-12 10:02:00,110,FALSE
2015-09-12 10:12:00,112,FALSE
2015-09-12 10:32:00,108,FALSE
2015-09-12 13:57:00,118,FALSE
2015-09-12 14:17:00,115,FALSE
2015-09-12 14:27:00,106,FALSE
2015-09-12 14:47:00,132,FALSE
2015-09-12 15:57:00,128,FALSE
2015-09-12 16:17:00,119,FALSE
2015-09-12 16:27:00,132,FALSE
2015-09-12 16:47:00,112,FALSE
2015-09-12 19:27:00,136,FALSE
2015-09-12 19:37:00,134,FALSE
2015-09-12 21:27:00,111,FALSE
2015-09-12 23:27:00,108,FALSE
2015-09-12 23:47:00,95,FALSE
2015-09-12 23:57:00,89,FALSE
2015-09-13 00:37:00,119,FALSE
2015-09-13 00:47:00,116,FALSE
2015-09-13 00:57:00,114,FALSE
2015-09-13 01:07:00,113,FALSE
2015-09-13 01:27:00,78,FALSE
2015-09-13 01:37:00,79,FALSE
2015-09-13 01:47:00,106,FALSE
2015-09-13 01:57:00,104,FALSE
2015-09-13 02:07:00,108,FALSE
2015-09-13 03:07:00,95,FALSE
2015-09-13 03:27:00,101,FALSE
2015-09-13 04:07:00,98,FALSE
2015-09-13 04:27:00,92,FALSE
2015-09-13 04:37:00,15,FALSE
2015-09-13 04:47:00,98,FALSE
2015-09-13 04:57:00,96,FALSE
2015-09-13 05:07:00,100,FALSE
2015-09-13 05:17:00,83,FALSE
2015-09-13 05:27:00,84,FALSE
2015-09-13 05:37:00,87,FALSE
2015-09-13 05:57:00,55,FALSE
2015-09-13 06:17:00,38,FALSE
2015-09-13 06:27:00,37,FALSE
2015-09-13 06:37:00,35,FALSE
2015-09-13 06:47:00,34,FALSE
2015-09-13 06:57:00,34,FALSE
2015-09-13 07:17:00,61,FALSE
2015-09-13 07:27:00,57,FALSE
2015-09-13 07:37:00,96,FALSE
2015-09-13 07:47:00,97,FALSE
2015-09-13 07:57:00,95,FALSE
2015-09-13 08:07:00,99,FALSE
2015-09-13 08:27:00,98,FALSE
2015-09-13 09:07:00,110,FALSE
2015-09-13 09:17:00,104,FALSE
2015-09-13 09:47:00,102,FALSE
2015-09-13 09:57:00,105,FALSE
2015-09-13 11:57:00,119,FALSE
2015-09-13 12:17:00,124,FALSE
2015-09-13 12:47:00,177,FALSE
2015-09-13 13:27:00,113,FALSE
2015-09-13 14:09:00,100,FALSE
2015-09-13 15:19:00,130,FALSE
2015-09-13 15:29:00,115,FALSE
2015-09-13 15:39:00,100,FALSE
2015-09-13 15:49:00,127,FALSE
2015-09-13 16:19:00,136,FALSE
2015-09-13 16:29:00,111,FALSE
2015-09-13 16:49:00,129,FALSE
2015-09-13 16:59:00,127,FALSE
2015-09-13 17:29:00,107,FALSE
2015-09-13 17:59:00,106,FALSE
2015-09-13 18:19:00,106,FALSE
2015-09-13 18:59:00,104,FALSE
2015-09-13 19:09:00,122,FALSE
2015-09-13 19:49:00,99,FALSE
2015-09-13 19:59:00,97,FALSE
2015-09-13 20:09:00,123,FALSE
2015-09-13 20:19:00,114,FALSE
2015-09-13 20:29:00,116,FALSE
2015-09-13 22:09:00,107,FALSE
2015-09-13 22:59:00,103,FALSE
2015-09-13 23:09:00,101,FALSE
2015-09-13 23:29:00,99,FALSE
2015-09-14 00:59:00,100,FALSE
2015-09-14 01:29:00,109,FALSE
2015-09-14 03:19:00,102,FALSE
2015-09-14 03:59:00,109,FALSE
2015-09-14 05:39:00,110,FALSE
2015-09-14 05:49:00,98,FALSE
2015-09-14 06:09:00,97,FALSE
2015-09-14 06:19:00,100,FALSE
2015-09-14 07:49:00,102,FALSE
2015-09-14 07:59:00,106,FALSE
2015-09-14 09:09:00,152,FALSE
2015-09-14 09:19:00,155,FALSE
2015-09-14 09:39:00,164,FALSE
2015-09-14 09:49:00,171,FALSE
2015-09-14 10:09:00,173,FALSE
2015-09-14 10:19:00,201,FALSE
2015-09-14 10:29:00,163,FALSE
2015-09-14 10:39:00,168,FALSE
2015-09-14 10:59:00,159,FALSE
2015-09-14 11:09:00,155,FALSE
2015-09-14 11:19:00,158,FALSE
2015-09-14 11:39:00,167,FALSE
2015-09-14 11:49:00,151,FALSE
2015-09-14 11:59:00,170,FALSE
2015-09-14 12:09:00,161,FALSE
2015-09-14 12:19:00,186,FALSE
2015-09-14 12:29:00,172,FALSE
2015-09-14 12:39:00,194,FALSE
2015-09-14 12:49:00,341,FALSE
2015-09-14 12:59:00,166,FALSE
2015-09-14 13:09:00,173,FALSE
2015-09-14 13:19:00,187,FALSE
2015-09-14 13:39:00,166,FALSE
2015-09-14 13:49:00,178,FALSE
2015-09-14 13:59:00,158,FALSE
2015-09-14 14:09:00,174,FALSE
2015-09-14 14:26:00,136,FALSE
2015-09-14 14:36:00,140,FALSE
2015-09-14 14:46:00,155,FALSE
2015-09-14 14:56:00,190,FALSE
2015-09-14 15:06:00,184,FALSE
2015-09-14 15:16:00,174,FALSE
2015-09-14 15:26:00,150,FALSE
2015-09-14 15:36:00,140,FALSE
2015-09-14 15:46:00,197,FALSE
2015-09-14 15:56:00,193,FALSE
2015-09-14 16:06:00,174,FALSE
2015-09-14 16:16:00,179,FALSE
2015-09-14 16:26:00,161,FALSE
2015-09-14 16:36:00,153,FALSE
2015-09-14 16:46:00,256,FALSE
2015-09-14 16:56:00,285,FALSE
2015-09-14 17:06:00,217,FALSE
2015-09-14 17:16:00,146,FALSE
2015-09-14 17:26:00,142,FALSE
2015-09-14 17:36:00,161,FALSE
2015-09-14 17:46:00,157,FALSE
2015-09-14 17:56:00,164,FALSE
2015-09-14 18:06:00,131,FALSE
2015-09-14 18:16:00,151,FALSE
2015-09-14 18:26:00,178,FALSE
2015-09-14 18:36:00,169,FALSE
2015-09-14 18:46:00,150,FALSE
2015-09-14 18:56:00,124,FALSE
2015-09-14 19:26:00,120,FALSE
2015-09-14 20:06:00,112,FALSE
2015-09-14 21:06:00,91,FALSE
2015-09-14 21:36:00,123,FALSE
2015-09-14 22:46:00,126,FALSE
2015-09-14 22:56:00,160,FALSE
2015-09-14 23:06:00,198,FALSE
2015-09-15 04:26:00,130,FALSE
2015-09-15 05:16:00,138,FALSE
2015-09-15 06:46:00,143,FALSE
2015-09-15 07:26:00,147,FALSE
2015-09-15 07:46:00,136,FALSE
2015-09-15 07:56:00,140,FALSE
2015-09-15 08:16:00,127,FALSE
2015-09-15 08:26:00,131,FALSE
2015-09-15 08:46:00,147,FALSE
2015-09-15 08:56:00,130,FALSE
2015-09-15 09:06:00,125,FALSE
2015-09-15 10:16:00,140,FALSE
2015-09-15 10:26:00,145,FALSE
2015-09-15 10:56:00,135,FALSE
2015-09-15 11:06:00,1612,FALSE
2015-09-15 11:16:00,1738,FALSE
2015-09-15 11:26:00,70,FALSE
2015-09-15 11:36:00,109,FALSE
2015-09-15 11:56:00,133,FALSE
2015-09-15 12:36:00,141,FALSE
2015-09-15 12:56:00,134,FALSE
2015-09-15 13:06:00,145,FALSE
2015-09-15 13:26:00,131,FALSE
2015-09-15 13:46:00,137,FALSE
2015-09-15 13:56:00,141,FALSE
2015-09-15 14:06:00,195,FALSE
2015-09-15 14:16:00,163,FALSE
2015-09-15 14:26:00,131,FALSE
2015-09-15 14:36:00,135,FALSE
2015-09-15 14:46:00,148,FALSE
2015-09-15 14:55:00,146,FALSE
2015-09-15 15:05:00,154,FALSE
2015-09-15 15:15:00,147,FALSE
2015-09-15 15:25:00,147,FALSE
2015-09-15 15:35:00,197,FALSE
2015-09-15 15:45:00,211,FALSE
2015-09-15 15:55:00,202,FALSE
2015-09-15 16:05:00,169,FALSE
2015-09-15 16:15:00,143,FALSE
2015-09-15 16:25:00,135,FALSE
2015-09-15 16:35:00,127,FALSE
2015-09-15 16:38:00,128,FALSE
2015-09-15 17:15:00,170,FALSE
2015-09-15 17:25:00,166,FALSE
2015-09-15 17:35:00,160,FALSE
2015-09-15 17:45:00,144,FALSE
2015-09-15 17:55:00,157,FALSE
2015-09-15 18:05:00,156,FALSE
2015-09-15 18:15:00,149,FALSE
2015-09-15 18:25:00,153,FALSE
2015-09-15 18:45:00,163,FALSE
2015-09-15 18:55:00,140,FALSE
2015-09-15 19:15:00,120,FALSE
2015-09-15 19:45:00,115,FALSE
2015-09-15 20:45:00,121,FALSE
2015-09-15 21:05:00,113,FALSE
2015-09-15 21:15:00,116,FALSE
2015-09-15 21:25:00,101,FALSE
2015-09-15 21:45:00,102,FALSE
2015-09-15 21:55:00,103,FALSE
2015-09-15 22:35:00,108,FALSE
2015-09-15 22:45:00,112,FALSE
2015-09-15 23:15:00,107,FALSE
2015-09-16 02:25:00,106,FALSE
2015-09-16 03:55:00,112,FALSE
2015-09-16 04:25:00,125,FALSE
2015-09-16 05:05:00,103,FALSE
2015-09-16 05:15:00,105,FALSE
2015-09-16 06:55:00,129,FALSE
2015-09-16 07:25:00,111,FALSE
2015-09-16 08:35:00,141,FALSE
2015-09-16 09:05:00,116,FALSE
2015-09-16 09:15:00,114,FALSE
2015-09-16 09:45:00,167,FALSE
2015-09-16 09:55:00,139,FALSE
2015-09-16 10:15:00,128,FALSE
2015-09-16 10:35:00,117,FALSE
2015-09-16 10:55:00,126,FALSE
2015-09-16 11:15:00,138,FALSE
2015-09-16 11:25:00,132,FALSE
2015-09-16 11:35:00,103,FALSE
2015-09-16 11:45:00,113,FALSE
2015-09-16 11:55:00,122,FALSE
2015-09-16 12:05:00,127,FALSE
2015-09-16 12:45:00,158,FALSE
2015-09-16 12:55:00,116,FALSE
2015-09-16 13:05:00,125,FALSE
2015-09-16 13:25:00,120,FALSE
2015-09-16 13:45:00,172,FALSE
2015-09-16 13:55:00,170,FALSE
2015-09-16 14:05:00,200,FALSE
2015-09-16 14:15:00,216,FALSE
2015-09-16 14:25:00,183,FALSE
2015-09-16 14:35:00,177,FALSE
2015-09-16 14:45:00,185,FALSE
2015-09-16 14:55:00,224,FALSE
2015-09-16 15:05:00,289,FALSE
2015-09-16 15:15:00,297,FALSE
2015-09-16 15:25:00,258,FALSE
2015-09-16 15:31:00,246,FALSE
2015-09-16 15:41:00,244,FALSE
2015-09-16 15:51:00,214,FALSE
2015-09-16 16:01:00,233,FALSE
2015-09-16 16:11:00,181,FALSE
2015-09-16 16:21:00,194,FALSE
2015-09-16 16:31:00,181,FALSE
2015-09-16 16:41:00,189,FALSE
2015-09-16 16:51:00,197,FALSE
2015-09-16 17:01:00,208,FALSE
2015-09-16 17:11:00,181,FALSE
2015-09-16 17:21:00,166,FALSE
2015-09-16 17:31:00,166,FALSE
2015-09-16 17:41:00,193,FALSE
2015-09-16 17:51:00,172,FALSE
2015-09-16 18:01:00,147,FALSE
2015-09-16 18:11:00,159,FALSE
2015-09-16 18:21:00,179,FALSE
2015-09-16 18:31:00,165,FALSE
2015-09-16 18:41:00,167,FALSE
2015-09-16 18:51:00,191,FALSE
2015-09-16 19:01:00,140,FALSE
2015-09-16 19:11:00,175,FALSE
2015-09-16 19:21:00,143,FALSE
2015-09-16 19:31:00,184,FALSE
2015-09-16 19:41:00,169,FALSE
2015-09-16 19:51:00,126,FALSE
2015-09-16 20:01:00,125,FALSE
2015-09-16 20:11:00,123,FALSE
2015-09-16 20:31:00,129,FALSE
2015-09-16 20:41:00,121,FALSE
2015-09-16 20:51:00,122,FALSE
2015-09-16 21:11:00,117,FALSE
2015-09-16 21:21:00,107,FALSE
2015-09-16 21:31:00,108,FALSE
2015-09-16 21:51:00,97,FALSE
2015-09-16 22:21:00,106,FALSE
2015-09-16 22:31:00,99,FALSE
2015-09-16 22:41:00,114,FALSE
2015-09-16 23:09:00,120,FALSE
2015-09-16 23:41:00,468,FALSE
2015-09-17 00:01:00,474,FALSE
2015-09-17 00:11:00,219,FALSE
2015-09-17 00:21:00,226,FALSE
2015-09-17 00:31:00,420,FALSE
2015-09-17 00:41:00,521,FALSE
2015-09-17 00:51:00,527,FALSE
2015-09-17 00:57:00,609,FALSE
2015-09-17 01:21:00,227,FALSE
2015-09-17 01:41:00,273,FALSE
2015-09-17 01:51:00,303,FALSE
2015-09-17 02:10:00,153,FALSE
2015-09-17 06:01:00,105,FALSE
2015-09-17 06:21:00,113,FALSE
2015-09-17 06:31:00,115,FALSE
2015-09-17 06:41:00,111,FALSE
2015-09-17 06:51:00,109,FALSE
2015-09-17 07:21:00,118,FALSE
2015-09-17 07:31:00,110,FALSE
2015-09-17 07:41:00,107,FALSE
2015-09-17 07:51:00,105,FALSE
2015-09-17 08:11:00,102,FALSE
2015-09-17 08:21:00,108,FALSE
2015-09-17 08:51:00,116,FALSE
2015-09-17 09:01:00,112,FALSE
2015-09-17 09:11:00,114,FALSE
2015-09-17 09:31:00,110,FALSE
2015-09-17 09:51:00,104,FALSE
2015-09-17 10:01:00,111,FALSE
2015-09-17 10:11:00,101,FALSE
2015-09-17 10:21:00,105,FALSE
2015-09-17 10:31:00,104,FALSE
2015-09-17 10:41:00,107,FALSE
2015-09-17 11:11:00,115,FALSE
2015-09-17 11:21:00,110,FALSE
2015-09-17 11:31:00,116,FALSE
2015-09-17 11:41:00,124,FALSE
2015-09-17 11:51:00,120,FALSE
2015-09-17 12:01:00,117,FALSE
2015-09-17 12:11:00,111,FALSE
2015-09-17 12:21:00,136,FALSE
2015-09-17 12:31:00,127,FALSE
2015-09-17 12:41:00,121,FALSE
2015-09-17 12:51:00,131,FALSE
2015-09-17 13:01:00,129,FALSE
2015-09-17 13:11:00,119,FALSE
2015-09-17 13:21:00,134,FALSE
2015-09-17 13:31:00,137,FALSE
2015-09-17 13:41:00,118,FALSE
2015-09-17 13:51:00,114,FALSE
2015-09-17 14:01:00,123,FALSE
2015-09-17 14:11:00,124,FALSE
2015-09-17 14:21:00,132,FALSE
2015-09-17 14:31:00,184,FALSE
2015-09-17 14:41:00,201,FALSE
2015-09-17 14:51:00,209,FALSE
2015-09-17 15:01:00,251,FALSE
2015-09-17 15:11:00,245,FALSE
2015-09-17 15:21:00,215,FALSE
2015-09-17 15:31:00,252,FALSE
2015-09-17 15:34:00,304,FALSE
2015-09-17 15:44:00,239,FALSE
2015-09-17 15:54:00,189,FALSE
2015-09-17 16:04:00,194,FALSE
2015-09-17 16:14:00,245,FALSE
2015-09-17 16:24:00,396,FALSE
2015-09-17 16:34:00,385,FALSE
2015-09-17 16:44:00,285,FALSE
2015-09-17 16:50:00,271,FALSE
2015-09-17 17:00:00,308,FALSE
2015-09-17 17:10:00,305,FALSE